Date,Streamflow(CMS),Baseflow(CMS)
2009-1-1,3.98,1.99
2009-1-2,3.98,2.055
2009-1-3,3.98,2.114
2009-1-4,3.98,2.167
2009-1-5,3.98,2.215
2009-1-6,3.98,2.258
2009-1-7,3.98,2.297
2009-1-8,3.98,2.332
2009-1-9,3.98,2.364
2009-1-10,3.98,2.393
2009-1-11,4.1,2.427
2009-1-12,4.25,2.467
2009-1-13,4.35,2.51
2009-1-14,4.33,2.547
2009-1-15,4.4,2.585
2009-1-16,4.18,2.605
2009-1-17,3.98,2.61
2009-1-18,3.98,2.614
2009-1-19,3.98,2.618
2009-1-20,3.98,2.622
2009-1-21,3.98,2.625
2009-1-22,3.98,2.628
2009-1-23,3.98,2.631
2009-1-24,3.98,2.633
2009-1-25,3.98,2.635
2009-1-26,3.98,2.637
2009-1-27,3.98,2.639
2009-1-28,4.19,2.654
2009-1-29,3.98,2.654
2009-1-30,3.98,2.654
2009-1-31,3.98,2.654
2009-2-1,3.98,2.654
2009-2-2,3.98,2.654
2009-2-3,3.98,2.654
2009-2-4,3.98,2.654
2009-2-5,3.98,2.654
2009-2-6,3.98,2.654
2009-2-7,3.98,2.654
2009-2-8,3.98,2.654
2009-2-9,3.98,2.654
2009-2-10,3.98,2.654
2009-2-11,3.98,2.654
2009-2-12,3.98,2.654
2009-2-13,4.08,2.661
2009-2-14,8.03,3.152
2009-2-15,5.74,3.275
2009-2-16,4.87,3.27
2009-2-17,4.77,3.261
2009-2-18,4.77,3.253
2009-2-19,4.77,3.246
2009-2-20,4.77,3.24
2009-2-21,4.77,3.234
2009-2-22,4.77,3.229
2009-2-23,4.77,3.224
2009-2-24,4.77,3.22
2009-2-25,4.77,3.216
2009-2-26,4.77,3.213
2009-2-27,4.77,3.21
2009-2-28,4.77,3.207
2009-3-1,4.77,3.205
2009-3-2,4.77,3.203
2009-3-3,4.77,3.201
2009-3-4,4.77,3.199
2009-3-5,4.77,3.197
2009-3-6,4.77,3.195
2009-3-7,4.77,3.194
2009-3-8,4.77,3.193
2009-3-9,4.77,3.192
2009-3-10,4.77,3.191
2009-3-11,4.41,3.166
2009-3-12,3.98,3.116
2009-3-13,4.24,3.088
2009-3-14,4.9,3.121
2009-3-15,4.35,3.099
2009-3-16,4.25,3.073
2009-3-17,4.12,3.041
2009-3-18,3.98,3.003
2009-3-19,3.98,2.969
2009-3-20,3.98,2.938
2009-3-21,3.98,2.91
2009-3-22,4.17,2.897
2009-3-23,4.22,2.889
2009-3-24,3.98,2.866
2009-3-25,3.98,2.845
2009-3-26,3.98,2.826
2009-3-27,3.69,2.79
2009-3-28,3.48,2.724
2009-3-29,3.48,2.667
2009-3-30,3.48,2.618
2009-3-31,3.48,2.576
2009-4-1,3.48,2.54
2009-4-2,3.48,2.509
2009-4-3,3.48,2.482
2009-4-4,3.48,2.459
2009-4-5,3.48,2.44
2009-4-6,3.48,2.423
2009-4-7,3.48,2.409
2009-4-8,3.48,2.397
2009-4-9,3.48,2.386
2009-4-10,3.48,2.377
2009-4-11,3.48,2.369
2009-4-12,3.48,2.362
2009-4-13,3.48,2.356
2009-4-14,3.45,2.348
2009-4-15,3.23,2.321
2009-4-16,3.23,2.297
2009-4-17,3.23,2.277
2009-4-18,3.23,2.26
2009-4-19,3.23,2.245
2009-4-20,3.23,2.232
2009-4-21,3.23,2.221
2009-4-22,3.23,2.212
2009-4-23,3.23,2.204
2009-4-24,3.23,2.197
2009-4-25,3.23,2.191
2009-4-26,3.23,2.186
2009-4-27,3.23,2.182
2009-4-28,3.23,2.178
2009-4-29,3.23,2.175
2009-4-30,3.23,2.172
2009-5-1,3.23,2.17
2009-5-2,3.23,2.168
2009-5-3,3.23,2.166
2009-5-4,3.23,2.164
2009-5-5,3.23,2.163
2009-5-6,3.23,2.162
2009-5-15,0.65,0.65
2009-5-16,3.14,0.854
2009-5-17,72.09,25.286
2009-5-18,14.05,14.05
2009-5-19,4.31,4.31
2009-5-20,2.35,2.35
2009-5-21,6.42,2.702
2009-5-22,7.55,3.127
2009-5-23,3.25,2.991
2009-5-24,2.11,2.11
2009-5-25,1.16,1.16
2009-5-26,0.85,0.85
2009-5-27,0.79,0.728
2009-5-28,0.79,0.652
2009-5-29,0.79,0.605
2009-5-30,0.79,0.575
2009-5-31,0.79,0.557
2009-6-1,0.79,0.546
2009-6-2,0.79,0.539
2009-6-3,0.79,0.534
2009-6-4,0.79,0.531
2009-6-5,0.79,0.529
2009-6-6,0.79,0.528
2009-6-7,0.79,0.528
2009-6-8,0.79,0.528
2009-6-9,0.79,0.528
2009-6-10,5.16,1.058
2009-6-11,2.96,1.188
2009-6-12,0.93,0.93
2009-6-13,0.79,0.777
2009-6-14,0.79,0.682
2009-6-15,0.79,0.623
2009-6-16,0.79,0.587
2009-6-17,0.79,0.564
2009-6-18,0.79,0.55
2009-6-19,0.79,0.541
2009-6-20,0.89,0.561
2009-6-21,1.54,0.738
2009-6-22,0.86,0.676
2009-6-23,0.71,0.599
2009-6-24,0.65,0.536
2009-6-25,0.65,0.497
2009-6-26,0.65,0.473
2009-6-27,0.65,0.458
2009-6-28,1.37,0.631
2009-6-29,1.56,0.786
2009-6-30,1.46,0.857
2009-7-1,0.93,0.767
2009-7-2,1.3,0.805
2009-7-3,1.62,0.909
2009-7-4,1.16,0.858
2009-7-5,0.96,0.775
2009-7-6,0.85,0.696
2009-7-7,0.79,0.632
2009-7-8,1.65,0.698
2009-7-9,30.7,10.929
2009-7-10,53.19,23.628
2009-7-11,11.05,11.05
2009-7-12,369.93,132.971
2009-7-13,139.29,112.246
2009-7-14,113.57,93.368
2009-7-15,277.8,140.919
2009-7-16,48.17,48.17
2009-7-17,23.44,23.44
2009-7-18,22.29,19.006
2009-7-19,72.23,34.096
2009-7-20,21.36,21.36
2009-7-21,17.89,17.89
2009-7-22,13.71,13.71
2009-7-23,11.72,11.72
2009-7-24,12.77,11.137
2009-7-25,12.22,10.593
2009-7-26,11.71,10.086
2009-7-27,11.31,9.623
2009-7-28,11.07,9.215
2009-7-29,9.96,8.747
2009-7-30,8.12,8.12
2009-7-31,7.24,7.24
2009-8-1,7.14,6.789
2009-8-2,7.14,6.42
2009-8-3,7.14,6.118
2009-8-4,7.14,5.871
2009-8-5,7.14,5.669
2009-8-6,7.14,5.504
2009-8-7,7.14,5.369
2009-8-8,7.86,5.346
2009-8-9,8.26,5.376
2009-8-10,7.49,5.307
2009-8-11,44.24,17.826
2009-8-12,168.37,66.698
2009-8-13,85.65,61.748
2009-8-14,28.48,28.48
2009-8-15,17.2,17.2
2009-8-16,12.57,12.57
2009-8-17,10.27,10.27
2009-8-18,7.64,7.64
2009-8-19,7.75,7.19
2009-8-20,34.13,15.247
2009-8-21,38.64,20.692
2009-8-22,14.63,14.63
2009-8-23,10.55,10.55
2009-8-24,8.39,8.39
2009-8-25,7.93,7.826
2009-8-26,9.23,7.522
2009-8-27,10.19,7.39
2009-8-28,9.21,7.163
2009-8-29,7.49,6.768
2009-8-30,7.49,6.445
2009-8-31,7.49,6.181
2009-9-1,7.49,5.965
2009-9-2,7.49,5.789
2009-9-3,7.49,5.645
2009-9-4,7.49,5.527
2009-9-5,7.49,5.43
2009-9-6,7.49,5.351
2009-9-7,7.49,5.286
2009-9-8,7.49,5.233
2009-9-9,7.49,5.19
2009-9-10,7.49,5.155
2009-9-11,7.49,5.126
2009-9-12,8.98,5.283
2009-9-13,9.98,5.533
2009-9-14,7.73,5.464
2009-9-15,7.49,5.379
2009-9-16,5.79,5.103
2009-9-17,4.99,4.78
2009-9-18,4.68,4.617
2009-9-19,4.68,4.47
2009-9-20,4.53,4.328
2009-9-21,4.33,4.187
2009-9-22,4.33,4.059
2009-9-23,4.33,3.944
2009-9-24,4.33,3.84
2009-9-25,4.33,3.747
2009-9-26,4.33,3.663
2009-9-27,4.33,3.587
2009-9-28,4.33,3.518
2009-9-29,4.33,3.456
2009-9-30,4.33,3.4
2009-10-1,4.33,3.35
2009-10-2,4.33,3.305
2009-10-3,4.33,3.264
2009-10-4,4.33,3.227
2009-10-5,4.33,3.194
2009-10-6,4.33,3.164
2009-10-7,4.33,3.137
2009-10-8,4.33,3.113
2009-10-9,4.33,3.091
2009-10-10,4.33,3.071
2009-10-11,4.33,3.053
2009-10-12,4.33,3.037
2009-10-13,4.9,3.079
2009-10-14,7.04,3.373
2009-10-15,7.32,3.648
2009-10-16,6.86,3.817
2009-10-17,6.92,3.962
2009-10-18,7.14,4.108
2009-10-19,7.14,4.227
2009-10-20,7.14,4.324
2009-10-21,6.79,4.361
2009-10-22,6.44,4.349
2009-10-23,6.29,4.321
2009-10-24,6.09,4.274
2009-10-25,6.09,4.235
2009-10-26,6.09,4.204
2009-10-27,6.09,4.178
2009-10-28,5.94,4.139
2009-10-29,5.74,4.082
2009-10-30,5.74,4.036
2009-10-31,5.81,4.007
2009-11-1,8.46,4.305
2009-11-2,8.74,4.583
2009-11-3,7.69,4.682
2009-11-4,7.39,4.727
2009-11-5,6.72,4.682
2009-11-6,6.44,4.612
2009-11-7,6.25,4.531
2009-11-8,9.51,4.861
2009-11-9,16.86,6.023
2009-11-10,10.25,6.171
2009-11-11,8.26,6.051
2009-11-12,7.67,5.881
2009-11-13,7.23,5.688
2009-11-14,7.14,5.519
2009-11-15,7.14,5.381
2009-11-16,7.14,5.268
2009-11-17,6.98,5.157
2009-11-18,6.79,5.043
2009-11-19,6.79,4.949
2009-11-20,6.79,4.873
2009-11-21,6.79,4.81
2009-11-22,6.79,4.759
2009-11-23,6.79,4.717
2009-11-24,6.79,4.683
2009-11-25,6.79,4.655
2009-11-26,6.66,4.616
2009-11-27,6.44,4.558
2009-11-28,6.27,4.49
2009-11-29,6.09,4.412
2009-11-30,6.09,4.348
2009-12-1,6.09,4.296
2009-12-2,6.09,4.253
2009-12-3,6.09,4.218
2009-12-4,6.09,4.19
2009-12-5,6.21,4.181
2009-12-6,6.44,4.202
2009-12-7,6.44,4.219
2009-12-8,6.44,4.233
2009-12-9,6.44,4.244
2009-12-10,6.47,4.257
2009-12-11,8.7,4.538
2009-12-12,8.41,4.733
2009-12-13,7.56,4.789
2009-12-14,7.27,4.8
2009-12-15,7.14,4.793
2009-12-16,6.64,4.727
2009-12-17,6.09,4.606
2009-12-18,6.09,4.507
2009-12-19,6.16,4.434
2009-12-20,5.82,4.333
2009-12-21,5.56,4.219
2009-12-22,5.19,4.081
2009-12-23,5.03,3.949
2009-12-24,5.03,3.841
2009-12-25,5.03,3.753
2009-12-26,5.03,3.681
2009-12-27,4.87,3.602
2009-12-28,4.8,3.563
2009-12-29,4.37,3.499
2009-12-30,3.98,3.416
2009-12-31,3.98,3.341
2010-1-1,4.58,3.313
2010-1-2,4.73,3.297
2010-1-3,4.82,3.289
2010-1-4,3.99,3.227
2010-1-5,4.49,3.204
2010-1-6,4.89,3.214
2010-1-7,4.89,3.223
2010-1-8,5.41,3.293
2010-1-9,5.93,3.414
2010-1-10,5.93,3.513
2010-1-11,6.13,3.618
2010-1-12,6.62,3.763
2010-1-13,6.81,3.905
2010-1-14,7.18,4.066
2010-1-15,7.31,4.213
2010-1-16,7.27,4.329
2010-1-17,6.99,4.39
2010-1-18,7.12,4.455
2010-1-19,6.41,4.422
2010-1-20,8.67,4.67
2010-1-21,12.34,5.318
2010-1-22,11.48,5.744
2010-1-23,9.29,5.826
2010-1-24,7.53,5.68
2010-1-25,6.35,5.417
2010-1-26,5.95,5.153
2010-1-27,5.41,4.872
2010-1-28,5.23,4.62
2010-1-29,5.54,4.452
2010-1-30,5.39,4.296
2010-1-31,5.05,4.127
2010-2-1,4.89,3.969
2010-2-2,4.71,3.888
2010-2-3,4.26,3.785
2010-2-4,3.97,3.673
2010-2-5,3.94,3.57
2010-2-6,3.8,3.468
2010-2-7,3.51,3.309
2010-2-8,3.35,3.157
2010-2-9,5.35,3.232
2010-2-10,12.34,4.142
2010-2-11,12.32,4.884
2010-2-12,10.34,5.25
2010-2-13,9.38,5.433
2010-2-14,8.43,5.468
2010-2-15,7.07,5.331
2010-2-16,6.45,5.144
2010-2-17,6.1,4.948
2010-2-18,5.93,4.767
2010-2-19,5.72,4.594
2010-2-20,5.44,4.418
2010-2-21,5.9,4.33
2010-2-22,7.05,4.398
2010-2-23,7.05,4.453
2010-2-24,7.25,4.523
2010-2-25,9.97,4.91
2010-2-26,12.34,5.515
2010-2-27,12.34,6.009
2010-2-28,11.68,6.333
2010-3-1,11.8,6.613
2010-3-2,12.34,6.908
2010-3-3,12.34,7.149
2010-3-4,12.14,7.322
2010-3-5,11.22,7.351
2010-3-6,10.75,7.318
2010-3-7,9.6,7.151
2010-3-8,6.56,6.56
2010-3-9,1.85,1.85
2010-3-10,1.98,1.775
2010-3-11,2.35,1.746
2010-3-12,2.95,1.777
2010-3-13,3.08,1.816
2010-3-14,2.61,1.805
2010-3-15,3.49,1.879
2010-3-16,5.96,2.261
2010-3-17,4.51,2.334
2010-3-18,3.94,2.363
2010-3-19,4.12,2.401
2010-3-20,4.07,2.432
2010-3-21,3.8,2.442
2010-3-22,3.2,2.398
2010-3-23,3.08,2.349
2010-3-24,2.96,2.296
2010-3-25,2.62,2.218
2010-3-26,3.25,2.211
2010-3-27,2.93,2.175
2010-3-28,2.42,2.096
2010-3-29,2.1,1.998
2010-3-30,1.79,1.79
2010-3-31,2.55,1.777
2010-4-1,6.64,2.26
2010-4-2,7.2,2.723
2010-4-3,5.41,2.884
2010-4-4,3.81,2.85
2010-4-5,3.09,2.738
2010-4-6,2.44,2.44
2010-4-7,1.12,1.12
2010-4-8,1.53,1.082
2010-4-9,0.98,0.92
2010-4-10,1.07,0.842
2010-4-11,1.07,0.793
2010-4-12,1.05,0.758
2010-4-13,0.85,0.686
2010-4-14,0.74,0.613
2010-4-15,0.74,0.568
2010-4-16,0.74,0.54
2010-4-17,0.61,0.49
2010-4-18,0.47,0.423
2010-4-19,0.47,0.381
2010-4-20,0.41,0.34
2010-4-21,0.09,0.09
2010-4-22,0.23,0.114
2010-4-23,0.36,0.162
2010-4-24,0.36,0.192
2010-4-25,0.3,0.195
2010-4-26,0.22,0.177
2010-4-27,4.63,0.463
2010-4-28,4.05,0.683
2010-4-29,4.42,0.905
2010-4-30,3.27,1.085
2010-5-1,1.92,1.113
2010-5-2,1.1,0.969
2010-5-3,0.66,0.66
2010-5-4,0.38,0.38
2010-5-5,0.24,0.24
2010-5-6,0.17,0.17
2010-5-7,0.23,0.164
2010-5-8,0.24,0.163
2010-5-9,0.13,0.13
2010-5-10,0.09,0.09
2010-5-11,0.07,0.07
2010-5-12,0.09,0.066
2010-5-13,0.08,0.061
2010-5-14,0.08,0.058
2010-5-15,0.09,0.059
2010-5-16,0.09,0.059
2010-5-17,0.1,0.062
2010-5-18,20.16,6.986
2010-5-19,27.26,12.778
2010-5-20,8.87,8.87
2010-5-21,4.08,4.08
2010-5-22,4.08,3.947
2010-5-23,11.23,4.592
2010-5-24,14.07,5.464
2010-5-25,10.92,5.795
2010-5-26,6.37,5.514
2010-5-27,3.24,3.24
2010-5-28,1.89,1.89
2010-5-29,1.56,1.56
2010-5-30,1.24,1.24
2010-5-31,0.75,0.75
2010-6-1,0.4,0.4
2010-6-2,0.26,0.26
2010-6-3,0.11,0.11
2010-6-4,0.08,0.08
2010-6-5,0.09,0.072
2010-6-6,0.09,0.067
2010-6-7,0.09,0.064
2010-6-8,0.09,0.062
2010-6-9,0.09,0.061
2010-6-10,0.08,0.058
2010-6-11,0.08,0.056
2010-6-12,1.34,0.374
2010-6-13,4.35,0.622
2010-6-14,4.01,0.824
2010-6-15,2.15,0.91
2010-6-16,1.78,0.949
2010-6-17,1.01,0.845
2010-6-18,0.9,0.752
2010-6-19,0.75,0.657
2010-6-20,32.92,11.676
2010-6-21,14.71,11.337
2010-6-22,5.48,5.48
2010-6-23,3.14,3.14
2010-6-24,2.25,2.25
2010-6-25,1.84,1.84
2010-6-26,3.3,1.891
2010-6-27,2.09,1.821
2010-6-28,2.0,1.752
2010-6-29,1.41,1.41
2010-6-30,1.35,1.217
2010-7-1,1.64,1.2
2010-7-2,4.53,1.379
2010-7-3,14.44,2.881
2010-7-4,7.49,3.266
2010-7-5,6.24,3.429
2010-7-6,3.63,3.33
2010-7-7,3.08,3.08
2010-7-8,2.86,2.86
2010-7-9,1.85,1.85
2010-7-10,1.45,1.45
2010-7-11,1.24,1.214
2010-7-12,1.08,1.027
2010-7-13,0.52,0.52
2010-7-14,0.09,0.09
2010-7-15,0.17,0.099
2010-7-16,3.04,0.372
2010-7-17,68.45,23.797
2010-7-18,53.83,30.06
2010-7-19,17.89,17.89
2010-7-20,8.98,8.98
2010-7-21,5.67,5.67
2010-7-22,4.74,4.74
2010-7-23,4.85,4.466
2010-7-26,11.52,5.052
2010-7-27,8.64,5.181
2010-7-28,5.61,4.919
2010-7-29,4.49,4.49
2010-7-30,3.2,3.2
2010-7-31,2.54,2.54
2010-8-1,1.94,1.94
2010-8-2,2.66,1.917
2010-8-3,5.46,2.231
2010-8-4,4.33,2.296
2010-8-5,8.7,2.934
2010-8-6,21.06,8.683
2010-8-7,32.58,15.432
2010-8-8,27.43,16.913
2010-8-9,9.92,9.92
2010-8-10,8.66,8.66
2010-8-11,25.28,12.903
2010-8-12,10.92,10.92
2010-8-13,31.74,16.223
2010-8-14,37.38,20.728
2010-8-15,120.26,51.499
2010-8-16,58.19,44.937
2010-8-17,31.71,31.71
2010-8-18,33.49,26.862
2010-8-19,24.62,21.461
2010-8-20,16.26,16.26
2010-8-21,13.11,13.11
2010-8-22,10.5,10.5
2010-8-23,12.12,10.06
2010-8-24,23.51,12.968
2010-8-25,37.25,19.112
2010-8-26,30.11,19.614
2010-8-27,19.07,16.048
2010-8-28,11.63,11.63
2010-8-29,41.46,19.919
2010-8-30,60.9,30.628
2010-8-31,78.26,41.787
2010-9-1,111.29,58.57
2010-9-2,98.72,62.334
2010-9-3,60.51,50.967
2010-9-4,41.71,38.994
2010-9-5,33.05,30.226
2010-9-6,81.34,42.655
2010-9-7,51.8,38.463
2010-9-8,30.02,28.924
2010-9-9,25.21,22.66
2010-9-10,26.22,19.985
2010-9-11,224.48,87.1
2010-9-12,442.84,194.838
2010-9-13,126.38,126.38
2010-9-14,66.16,66.16
2010-9-15,43.09,43.09
2010-9-16,32.0,31.841
2010-9-17,30.11,25.759
2010-9-18,27.34,21.867
2010-9-19,25.97,19.516
2010-9-20,49.47,26.489
2010-9-21,57.36,32.578
2010-9-22,184.74,79.467
2010-9-23,59.17,58.775
2010-9-24,38.94,38.94
2010-9-25,32.06,29.859
2010-9-26,25.94,23.363
2010-9-27,23.5,19.386
2010-9-28,21.26,16.693
2010-9-29,21.0,15.304
2010-9-30,18.4,13.736
2010-10-1,15.45,13.111
2010-10-2,15.47,12.603
2010-10-3,17.6,12.446
2010-10-4,15.52,12.065
2010-10-5,15.45,11.745
2010-10-6,13.44,11.239
2010-10-7,12.84,10.752
2010-10-8,12.84,10.354
2010-10-9,12.84,10.028
2010-10-10,12.84,9.762
2010-10-11,12.84,9.544
2010-10-12,12.84,9.366
2010-10-13,12.84,9.22
2010-10-14,12.84,9.101
2010-10-15,10.43,8.711
2010-10-16,6.78,6.78
2010-10-17,6.42,6.325
2010-10-18,6.2,5.926
2010-10-19,5.93,5.567
2010-10-20,5.93,5.274
2010-10-21,5.93,5.034
2010-10-22,5.83,4.825
2010-10-23,5.57,4.623
2010-10-24,5.24,4.418
2010-10-25,5.2,4.245
2010-10-26,4.78,4.141
2010-10-27,4.56,4.033
2010-10-28,4.56,3.936
2010-10-29,4.56,3.848
2010-10-30,4.41,3.759
2010-10-31,4.25,3.668
2010-11-1,4.25,3.586
2010-11-2,4.12,3.504
2010-11-3,3.94,3.418
2010-11-4,3.94,3.34
2010-11-5,3.94,3.27
2010-11-6,3.94,3.207
2010-11-7,3.94,3.15
2010-11-8,3.94,3.099
2010-11-9,3.99,3.056
2010-11-10,4.25,3.034
2010-11-11,4.25,3.014
2010-11-12,4.78,3.031
2010-11-13,4.52,3.029
2010-11-14,4.07,2.998
2010-11-15,3.94,2.962
2010-11-16,3.94,2.929
2010-11-17,3.94,2.899
2010-11-18,3.94,2.872
2010-11-19,3.94,2.848
2010-11-20,3.94,2.826
2010-11-21,3.94,2.807
2010-11-22,3.94,2.789
2010-11-23,3.79,2.763
2010-11-24,3.64,2.73
2010-11-25,3.64,2.7
2010-11-26,3.64,2.673
2010-11-27,3.64,2.649
2010-11-28,3.64,2.627
2010-11-29,3.64,2.607
2010-11-30,3.64,2.589
2010-12-1,3.64,2.573
2010-12-2,3.64,2.559
2010-12-3,3.64,2.546
2010-12-4,3.64,2.534
2010-12-5,3.64,2.524
2010-12-6,3.54,2.508
2010-12-7,3.35,2.469
2010-12-8,3.35,2.436
2010-12-9,3.35,2.407
2010-12-10,3.35,2.383
2010-12-11,3.35,2.362
2010-12-12,3.35,2.344
2010-12-13,3.35,2.329
2010-12-14,3.35,2.316
2010-12-15,2.91,2.263
2010-12-16,2.79,2.206
2010-12-17,3.08,2.185
2010-12-18,3.08,2.167
2010-12-19,3.08,2.151
2010-12-20,3.08,2.137
2010-12-21,3.08,2.125
2010-12-22,3.08,2.115
2010-12-23,3.08,2.106
2010-12-24,2.55,2.049
2010-12-25,2.55,2.0
2010-12-26,3.74,2.049
2010-12-27,3.25,2.066
2010-12-28,2.81,2.039
2010-12-29,3.52,2.069
2010-12-30,3.08,2.067
2010-12-31,3.77,2.111
2011-1-1,4.18,2.178
2011-1-2,4.26,2.243
2011-1-3,4.5,2.317
2011-1-4,3.74,2.334
2011-1-5,3.4,2.325
2011-1-6,3.22,2.3
2011-1-7,2.99,2.257
2011-1-8,3.1,2.23
2011-1-9,3.18,2.215
2011-1-10,3.5,2.232
2011-1-11,3.25,2.223
2011-1-12,3.1,2.201
2011-1-13,4.08,2.252
2011-1-14,3.84,2.282
2011-1-15,3.66,2.298
2011-1-16,3.52,2.303
2011-1-17,4.05,2.342
2011-1-18,4.33,2.396
2011-1-19,4.5,2.455
2011-1-20,4.71,2.522
2011-1-21,4.87,2.654
2011-1-22,4.98,2.776
2011-1-23,4.95,2.872
2011-1-24,4.61,2.892
2011-1-25,4.67,2.914
2011-1-26,5.1,3.003
2011-1-27,5.52,3.127
2011-1-28,5.96,3.281
2011-1-29,6.21,3.438
2011-1-30,6.22,3.567
2011-1-31,5.34,3.566
2011-2-1,4.83,3.532
2011-2-2,3.87,3.439
2011-2-3,3.26,3.26
2011-2-4,3.03,3.03
2011-2-5,3.03,2.887
2011-2-6,3.03,2.765
2011-2-7,2.92,2.649
2011-2-8,2.71,2.53
2011-2-9,2.96,2.451
2011-2-10,3.3,2.416
2011-2-11,2.93,2.351
2011-2-12,2.49,2.253
2011-2-13,2.43,2.164
2011-2-14,2.57,2.1
2011-2-15,2.49,2.038
2011-2-16,2.57,1.992
2011-2-17,2.57,1.953
2011-2-18,2.57,1.919
2011-2-19,2.57,1.89
2011-2-20,2.57,1.865
2011-2-21,2.57,1.844
2011-2-22,2.57,1.826
2011-2-23,2.57,1.81
2011-2-24,2.57,1.796
2011-2-25,2.57,1.784
2011-2-26,2.57,1.774
2011-2-27,15.62,3.348
2011-2-28,32.33,12.771
2011-3-1,13.17,12.045
2011-3-2,8.9,8.9
2011-3-3,6.48,6.48
2011-3-4,5.29,5.29
2011-3-5,4.72,4.72
2011-3-6,4.44,4.44
2011-3-7,4.31,4.286
2011-3-8,3.97,3.97
2011-3-9,3.79,3.79
2011-3-10,3.43,3.43
2011-3-11,3.27,3.253
2011-3-12,3.27,3.101
2011-3-13,3.27,2.971
2011-3-14,3.27,2.859
2011-3-15,3.27,2.763
2011-3-16,3.27,2.681
2011-3-17,3.27,2.61
2011-3-18,3.27,2.549
2011-3-19,3.27,2.497
2011-3-20,5.58,2.72
2011-3-21,7.26,3.106
2011-3-22,5.36,3.191
2011-3-23,4.65,3.182
2011-3-24,4.08,3.137
2011-3-25,4.25,3.107
2011-3-26,4.62,3.104
2011-3-27,4.57,3.099
2011-3-28,4.18,3.068
2011-3-29,4.05,3.032
2011-3-30,2.9,2.877
2011-3-31,2.57,2.57
2011-4-1,2.57,2.449
2011-4-2,2.57,2.345
2011-4-3,2.57,2.256
2011-4-4,2.57,2.179
2011-4-5,2.57,2.113
2011-4-6,2.19,2.021
2011-4-7,1.07,1.07
2011-4-8,3.8,1.214
2011-4-9,3.84,1.346
2011-4-10,3.54,1.446
2011-4-11,2.81,1.507
2011-4-12,2.15,1.497
2011-4-13,2.15,1.488
2011-4-14,2.15,1.48
2011-4-15,2.15,1.474
2011-4-16,2.15,1.468
2011-4-17,1.86,1.436
2011-4-18,1.62,1.301
2011-4-19,1.62,1.217
2011-4-20,1.51,1.137
2011-4-21,1.26,1.025
2011-4-22,3.27,1.189
2011-4-23,6.78,1.796
2011-4-24,3.66,1.859
2011-4-25,2.28,1.811
2011-4-26,1.88,1.732
2011-4-27,1.93,1.669
2011-4-28,2.36,1.656
2011-4-29,2.24,1.633
2011-4-30,64.27,22.963
2011-5-1,123.96,53.855
2011-5-2,32.92,32.92
2011-5-3,16.08,16.08
2011-5-4,9.67,9.67
2011-5-5,7.48,7.48
2011-5-6,5.91,5.91
2011-5-7,5.98,5.56
2011-5-8,4.84,4.84
2011-5-9,4.95,4.56
2011-5-10,22.04,9.806
2011-5-11,217.87,79.905
2011-5-12,73.95,64.086
2011-5-13,34.92,34.92
2011-5-14,20.4,20.4
2011-5-15,14.72,14.72
2011-5-16,11.79,11.79
2011-5-17,10.01,10.01
2011-5-18,9.29,9.29
2011-5-19,9.05,8.698
2011-5-20,9.37,8.252
2011-5-21,13.08,8.338
2011-5-22,12.97,8.395
2011-5-23,9.22,7.986
2011-5-24,7.59,7.454
2011-5-25,7.03,6.951
2011-5-26,6.94,6.528
2011-5-27,6.24,6.097
2011-5-28,5.45,5.45
2011-5-29,4.87,4.87
2011-5-30,4.36,4.36
2011-5-31,4.06,4.06
2011-6-1,27.22,11.352
2011-6-2,15.86,11.211
2011-6-3,7.48,7.48
2011-6-4,5.7,5.7
2011-6-5,4.85,4.85
2011-6-6,4.27,4.27
2011-6-7,3.64,3.64
2011-6-8,3.27,3.27
2011-6-9,3.53,3.18
2011-6-10,3.3,3.042
2011-6-11,3.03,2.898
2011-6-12,2.94,2.765
2011-6-13,2.8,2.638
2011-6-14,2.62,2.512
2011-6-15,2.36,2.36
2011-6-16,1.8,1.8
2011-6-17,1.32,1.32
2011-6-18,1.44,1.184
2011-6-19,1.5,1.114
2011-6-20,1.62,1.101
2011-6-21,1.89,1.124
2011-6-22,2.66,1.216
2011-6-23,18.01,3.182
2011-6-24,197.18,69.569
2011-6-25,134.7,80.057
2011-6-26,161.52,94.374
2011-6-27,62.8,62.8
2011-6-28,32.92,32.92
2011-6-29,76.91,42.427
2011-6-30,318.16,130.255
2011-7-1,97.0,96.344
2011-7-2,49.28,49.28
2011-7-3,324.19,135.644
2011-7-4,217.24,140.432
2011-7-5,72.55,72.55
2011-7-6,42.43,42.43
2011-7-7,43.79,35.59
2011-7-8,235.69,98.5
2011-7-9,337.54,164.009
2011-7-10,146.87,129.844
2011-7-11,206.13,133.799
2011-7-12,323.17,176.09
2011-7-13,143.51,134.516
2011-7-14,202.85,134.922
2011-7-15,190.08,130.712
2011-7-16,86.95,86.95
2011-7-17,151.56,94.265
2011-7-18,60.51,60.51
2011-7-19,37.59,37.59
2011-7-20,28.64,28.027
2011-7-21,23.53,21.648
2011-7-22,20.34,17.468
2011-7-23,17.93,16.465
2011-7-24,17.86,15.636
2011-7-25,18.36,13.882
2011-7-26,17.01,13.42
2011-7-27,275.68,101.596
2011-7-28,137.09,96.342
2011-7-29,84.05,75.505
2011-7-30,92.25,68.276
2011-7-31,69.34,56.882
2011-8-1,93.42,59.69
2011-8-2,45.71,44.584
2011-8-3,34.93,33.573
2011-8-4,57.44,36.025
2011-8-5,30.05,27.758
2011-8-6,23.02,21.342
2011-8-7,19.53,17.04
2011-8-8,94.45,40.814
2011-8-9,49.94,36.932
2011-8-10,36.59,30.452
2011-8-11,23.52,22.815
2011-8-12,46.3,26.988
2011-8-13,124.78,56.08
2011-8-14,69.12,50.919
2011-8-15,87.2,54.666
2011-8-16,105.66,62.844
2011-8-17,519.98,209.745
2011-8-18,285.0,199.58
2011-8-19,86.97,86.97
2011-8-20,52.79,52.79
2011-8-21,37.35,37.35
2011-8-22,29.52,28.215
2011-8-23,25.08,22.273
2011-8-24,20.97,17.987
2011-8-25,17.39,16.824
2011-8-26,16.05,15.71
2011-8-27,15.31,14.709
2011-8-28,13.31,13.31
2011-8-29,11.77,11.77
2011-8-30,10.04,10.04
2011-8-31,10.0,9.427
2011-9-1,9.64,8.881
2011-9-2,8.98,8.355
2011-9-3,8.66,7.886
2011-9-4,8.18,7.444
2011-9-5,7.7,7.024
2011-9-6,8.93,6.83
2011-9-7,7.76,6.529
2011-9-8,7.72,6.278
2011-9-9,9.57,6.297
2011-9-10,8.83,6.223
2011-9-11,109.28,40.709
2011-9-12,55.19,38.693
2011-9-13,21.64,21.64
2011-9-14,15.63,15.63
2011-9-15,13.2,13.2
2011-9-16,11.89,11.89
2011-9-17,10.93,10.93
2011-9-18,31.04,15.986
2011-9-19,14.16,14.16
2011-9-20,11.54,11.54
2011-9-21,10.53,10.53
2011-9-22,9.5,9.5
2011-9-23,8.97,8.86
2011-9-24,8.53,8.283
2011-9-25,8.04,7.751
2011-9-26,7.69,7.274
2011-9-27,7.44,6.853
2011-9-28,7.41,6.505
2011-9-29,9.8,6.511
2011-9-30,11.16,6.681
2011-10-1,8.4,6.485
2011-10-2,7.54,6.22
2011-10-3,7.14,5.955
2011-10-4,6.86,5.704
2011-10-5,7.14,5.533
2011-10-6,7.49,5.435
2011-10-7,6.85,5.277
2011-10-8,6.17,5.066
2011-10-9,5.93,4.864
2011-10-10,5.79,4.682
2011-10-11,5.6,4.51
2011-10-12,5.52,4.359
2011-10-13,5.29,4.208
2011-10-14,5.42,4.1
2011-10-15,6.27,4.115
2011-10-16,9.08,4.468
2011-10-17,7.41,4.554
2011-10-18,6.06,4.461
2011-10-19,5.41,4.306
2011-10-20,5.21,4.155
2011-10-21,4.97,4.002
2011-10-22,6.94,4.116
2011-10-23,6.22,4.122
2011-10-24,5.6,4.052
2011-10-25,5.39,3.969
2011-10-26,5.17,3.874
2011-10-27,4.88,3.761
2011-10-28,4.38,3.679
2011-10-29,4.53,3.614
2011-10-30,4.97,3.56
2011-10-31,4.86,3.502
2011-11-1,4.59,3.459
2011-11-2,4.38,3.406
2011-11-3,4.58,3.372
2011-11-4,4.65,3.345
2011-11-5,4.38,3.303
2011-11-6,4.57,3.278
2011-11-7,4.67,3.262
2011-11-8,4.67,3.248
2011-11-9,4.77,3.241
2011-11-10,5.13,3.274
2011-11-11,4.67,3.258
2011-11-12,4.53,3.235
2011-11-13,4.38,3.204
2011-11-14,4.24,3.167
2011-11-15,4.09,3.124
2011-11-16,4.09,3.085
2011-11-17,4.09,3.05
2011-11-18,4.89,3.089
2011-11-19,6.53,3.32
2011-11-20,5.45,3.377
2011-11-21,4.85,3.351
2011-11-22,4.67,3.328
2011-11-23,4.67,3.307
2011-11-24,4.67,3.288
2011-11-25,4.67,3.271
2011-11-26,4.67,3.256
2011-11-27,4.5,3.231
2011-11-28,4.2,3.189
2011-11-29,4.09,3.144
2011-11-30,20.78,8.687
2011-12-1,19.32,10.859
2011-12-2,9.16,9.16
2011-12-3,10.6,8.78
2011-12-4,9.43,8.327
2011-12-5,7.62,7.62
2011-12-6,6.81,6.81
2011-12-7,6.44,6.352
2011-12-8,6.26,5.956
2011-12-9,5.93,5.592
2011-12-10,5.93,5.294
2011-12-11,5.85,5.041
2011-12-12,5.6,4.803
2011-12-13,5.43,4.588
2011-12-14,5.29,4.395
2011-12-15,4.97,4.198
2011-12-16,4.83,4.102
2011-12-17,4.48,3.993
2011-12-18,4.38,3.888
2011-12-19,4.22,3.783
2011-12-20,4.09,3.679
2011-12-21,4.09,3.586
2011-12-22,4.09,3.502
2011-12-23,3.77,3.405
2011-12-24,3.72,3.314
2011-12-25,4.0,3.251
2011-12-26,3.73,3.176
2011-12-27,3.69,3.106
2011-12-28,3.87,3.054
2011-12-29,3.55,2.987
2011-12-30,3.58,2.928
2011-12-31,3.34,2.829
2012-1-1,3.7,2.794
2012-1-2,3.7,2.762
2012-1-3,3.7,2.733
2012-1-4,3.7,2.707
2012-1-5,3.6,2.677
2012-1-6,3.79,2.662
2012-1-7,3.48,2.614
2012-1-8,3.49,2.574
2012-1-9,3.84,2.573
2012-1-10,3.97,2.58
2012-1-11,3.62,2.564
2012-1-12,3.36,2.518
2012-1-13,3.62,2.508
2012-1-14,3.38,2.472
2012-1-15,3.27,2.431
2012-1-16,3.41,2.409
2012-1-17,3.23,2.373
2012-1-18,3.23,2.342
2012-1-19,3.23,2.315
2012-1-20,3.23,2.292
2012-1-21,3.23,2.273
2012-1-22,3.23,2.256
2012-1-23,2.91,2.211
2012-1-24,2.92,2.174
2012-1-25,3.12,2.161
2012-1-26,2.91,2.13
2012-1-27,3.36,2.146
2012-1-28,3.12,2.137
2012-1-29,2.9,2.108
2012-1-30,2.89,2.082
2012-1-31,2.94,2.065
2012-2-1,2.9,2.047
2012-2-2,2.92,2.033
2012-2-3,4.3,2.115
2012-2-4,3.94,2.165
2012-2-5,3.05,2.147
2012-2-6,2.88,2.115
2012-2-7,2.79,2.079
2012-2-8,2.74,2.043
2012-2-9,2.61,2.0
2012-2-10,2.65,1.967
2012-2-11,2.49,1.924
2012-2-12,2.59,1.896
2012-2-13,2.58,1.871
2012-2-14,2.58,1.85
2012-2-15,2.58,1.832
2012-2-16,2.45,1.804
2012-2-17,2.39,1.774
2012-2-18,2.3,1.74
2012-2-19,2.2,1.701
2012-2-20,2.2,1.668
2012-2-21,2.2,1.64
2012-2-22,2.2,1.616
2012-2-23,2.2,1.595
2012-2-24,2.2,1.577
2012-2-25,2.2,1.561
2012-2-26,2.2,1.548
2012-2-27,2.2,1.537
2012-2-28,2.2,1.527
2012-2-29,2.2,1.519
2012-3-1,2.2,1.512
2012-3-2,2.2,1.506
2012-3-3,2.2,1.501
2012-3-4,2.2,1.496
2012-3-5,2.26,1.498
2012-3-6,4.24,1.629
2012-3-7,4.56,1.768
2012-3-8,3.68,1.835
2012-3-9,3.36,1.892
2012-3-10,3.12,1.919
2012-3-11,3.0,1.931
2012-3-12,2.84,1.926
2012-3-13,2.79,1.917
2012-3-14,2.66,1.897
2012-3-15,2.58,1.872
2012-3-16,2.45,1.838
2012-3-17,3.59,1.893
2012-3-18,4.25,1.985
2012-3-19,3.64,2.028
2012-3-20,3.31,2.053
2012-3-21,3.04,2.049
2012-3-22,2.74,2.018
2012-3-23,4.04,2.084
2012-3-24,11.82,3.14
2012-3-25,7.76,3.511
2012-3-26,5.52,3.542
2012-3-27,4.5,3.489
2012-3-28,3.19,3.19
2012-3-29,3.0,3.0
2012-3-30,6.26,3.214
2012-3-31,6.62,3.433
2012-4-1,5.23,3.443
2012-4-2,4.78,3.418
2012-4-3,88.66,32.24
2012-4-4,44.92,31.061
2012-4-5,20.56,20.56
2012-4-6,10.46,10.46
2012-4-7,9.17,9.17
2012-4-8,8.0,8.0
2012-4-9,6.89,6.89
2012-4-10,6.61,6.438
2012-4-11,7.26,6.148
2012-4-12,6.12,5.772
2012-4-13,5.3,5.3
2012-4-14,4.9,4.9
2012-4-15,4.58,4.58
2012-4-16,4.11,4.11
2012-4-17,3.54,3.54
2012-4-18,3.46,3.366
2012-4-19,3.33,3.204
2012-4-20,3.07,3.04
2012-4-21,5.02,3.096
2012-4-22,15.14,4.371
2012-4-23,8.86,4.651
2012-4-24,6.36,4.577
2012-4-25,9.75,4.928
2012-4-26,23.72,10.563
2012-4-27,10.78,9.949
2012-4-28,7.34,7.34
2012-4-29,5.81,5.81
2012-4-30,4.86,4.86
2012-5-1,4.17,4.17
2012-5-2,3.31,3.31
2012-5-3,2.97,2.97
2012-5-4,2.7,2.7
2012-5-5,2.4,2.4
2012-5-6,2.39,2.286
2012-5-7,2.3,2.18
2012-5-8,2.2,2.079
2012-5-9,2.1,1.983
2012-5-10,2.02,1.893
2012-5-11,2.02,1.816
2012-5-12,2.02,1.75
2012-5-13,2.17,1.707
2012-5-14,4.02,1.803
2012-5-15,7.91,2.435
2012-5-16,5.58,2.669
2012-5-17,7.21,3.059
2012-5-18,5.71,3.195
2012-5-19,3.52,3.112
2012-5-20,3.52,3.037
2012-5-21,2.96,2.887
2012-5-22,2.57,2.57
2012-5-23,2.29,2.29
2012-5-24,2.2,2.174
2012-5-25,2.13,2.067
2012-5-26,2.02,1.965
2012-5-27,2.02,1.878
2012-5-28,2.07,1.808
2012-5-29,3.33,1.866
2012-5-30,2.86,1.872
2012-5-31,2.69,1.861
2012-6-1,2.26,1.811
2012-6-2,2.2,1.762
2012-6-3,2.2,1.72
2012-6-4,2.12,1.677
2012-6-5,2.02,1.63
2012-6-6,2.02,1.59
2012-6-7,2.02,1.556
2012-6-8,2.3,1.553
2012-6-9,2.21,1.542
2012-6-10,2.08,1.52
2012-6-11,2.04,1.497
2012-6-12,2.02,1.476
2012-6-13,2.02,1.458
2012-6-14,2.02,1.442
2012-6-15,2.02,1.429
2012-6-16,2.02,1.417
2012-6-17,2.02,1.407
2012-6-18,2.02,1.399
2012-6-19,1.9,1.38
2012-6-20,1.69,1.344
2012-6-21,1.69,1.313
2012-6-22,1.69,1.287
2012-6-23,1.69,1.264
2012-6-24,1.69,1.245
2012-6-25,1.69,1.228
2012-6-26,1.43,1.124
2012-6-27,0.73,0.73
2012-6-28,0.71,0.633
2012-6-29,2.39,0.769
2012-6-30,26.62,9.556
2012-7-1,22.21,12.276
2012-7-2,6.55,6.55
2012-7-3,2.81,2.81
2012-7-4,5.25,2.936
2012-7-5,5.67,3.09
2012-7-6,389.43,135.857
2012-7-7,136.22,112.58
2012-7-8,38.41,38.41
2012-7-9,21.38,21.38
2012-7-10,17.41,17.41
2012-7-11,16.06,16.06
2012-7-12,12.64,12.64
2012-7-13,13.81,12.016
2012-7-14,12.85,11.389
2012-7-15,167.04,63.132
2012-7-16,64.85,52.85
2012-7-17,30.14,30.14
2012-7-18,21.86,21.86
2012-7-19,125.71,53.926
2012-7-20,59.37,46.515
2012-7-21,28.37,28.37
2012-7-22,31.73,24.642
2012-7-23,45.05,27.439
2012-7-24,19.77,19.77
2012-7-25,13.25,13.25
2012-7-26,8.4,8.4
2012-7-27,5.11,5.11
2012-7-28,5.51,4.849
2012-7-29,5.13,4.589
2012-7-30,4.62,4.441
2012-7-31,2.95,2.95
2012-8-1,3.27,2.841
2012-8-2,3.04,2.726
2012-8-3,2.77,2.602
2012-8-4,2.48,2.468
2012-8-5,2.25,2.25
2012-8-6,2.05,2.05
2012-8-7,1.94,1.94
2012-8-8,1.79,1.79
2012-8-9,1.58,1.511
2012-8-10,1.83,1.47
2012-8-11,2.26,1.475
2012-8-12,4.3,1.612
2012-8-13,35.2,12.923
2012-8-14,9.59,9.59
2012-8-15,25.24,13.338
2012-8-16,43.96,21.606
2012-8-17,21.87,17.975
2012-8-18,19.16,15.288
2012-8-19,15.09,14.337
2012-8-20,19.86,13.773
2012-8-21,38.27,19.853
2012-8-22,91.99,41.323
2012-8-23,52.94,38.213
2012-8-24,28.73,28.359
2012-8-25,28.54,23.536
2012-8-26,18.83,17.858
2012-8-27,14.41,14.41
2012-8-28,11.72,11.72
2012-8-29,10.11,10.11
2012-8-30,233.5,85.445
2012-8-31,194.17,108.24
2012-9-1,62.95,62.95
2012-9-2,44.02,44.02
2012-9-3,26.83,26.83
2012-9-4,32.34,24.109
2012-9-5,215.15,85.871
2012-9-6,62.75,62.75
2012-9-7,35.92,35.92
2012-9-8,70.96,41.822
2012-9-9,36.75,32.868
2012-9-10,26.36,24.961
2012-9-11,19.59,18.808
2012-9-12,15.99,15.99
2012-9-13,13.96,13.96
2012-9-14,15.19,13.263
2012-9-15,14.0,12.548
2012-9-16,13.21,11.868
2012-9-17,105.43,42.105
2012-9-18,96.21,53.52
2012-9-19,40.35,39.757
2012-9-20,28.22,28.22
2012-9-21,19.19,19.19
2012-9-22,15.19,15.19
2012-9-23,12.89,12.89
2012-9-24,11.14,11.14
2012-9-25,9.68,9.68
2012-9-26,9.15,9.029
2012-9-27,8.25,8.25
2012-9-28,7.93,7.711
2012-9-29,7.7,7.242
2012-9-30,7.12,6.788
2012-10-1,6.6,6.354
2012-10-2,6.21,5.951
2012-10-3,5.72,5.562
2012-10-4,5.44,5.21
2012-10-5,5.18,4.891
2012-10-6,5.07,4.616
2012-10-7,4.73,4.472
2012-10-8,4.55,4.331
2012-10-9,4.25,4.184
2012-10-10,4.08,4.04
2012-10-11,5.57,3.981
2012-10-12,4.35,3.875
2012-10-13,3.88,3.749
2012-10-14,3.36,3.36
2012-10-15,3.05,3.05
2012-10-16,3.44,2.943
2012-10-17,3.27,2.835
2012-10-18,3.21,2.737
2012-10-19,3.05,2.638
2012-10-20,2.93,2.541
2012-10-21,2.83,2.449
2012-10-22,11.17,3.359
2012-10-23,14.72,4.535
2012-10-24,5.34,4.358
2012-10-25,4.03,4.03
2012-10-26,3.62,3.62
2012-10-27,9.0,4.054
2012-10-28,19.99,8.854
2012-10-29,7.67,7.67
2012-10-30,5.55,5.55
2012-10-31,4.86,4.86
2012-11-1,4.55,4.55
2012-11-2,4.3,4.3
2012-11-3,4.01,4.01
2012-11-4,4.01,3.879
2012-11-5,4.01,3.761
2012-11-6,4.57,3.691
2012-11-7,5.31,3.664
2012-11-8,4.67,3.61
2012-11-9,4.27,3.535
2012-11-10,4.13,3.458
2012-11-11,7.09,3.689
2012-11-12,11.81,4.451
2012-11-13,15.99,5.582
2012-11-14,15.13,6.403
2012-11-15,10.12,6.466
2012-11-16,8.42,6.311
2012-11-17,8.65,6.212
2012-11-18,8.91,6.163
2012-11-19,8.33,6.053
2012-11-20,8.16,5.942
2012-11-21,7.41,5.76
2012-11-22,7.16,5.581
2012-11-23,7.05,5.421
2012-11-24,6.79,5.259
2012-11-25,6.64,5.108
2012-11-26,6.44,4.96
2012-11-27,6.44,4.839
2012-11-28,6.44,4.74
2012-11-29,6.44,4.659
2012-11-30,6.4,4.588
2012-12-1,6.1,4.493
2012-12-2,6.1,4.416
2012-12-3,6.0,4.341
2012-12-4,7.32,4.44
2012-12-5,6.72,4.448
2012-12-6,6.06,4.374
2012-12-7,6.44,4.36
2012-12-8,5.88,4.28
2012-12-9,5.54,4.174
2012-12-10,4.94,4.014
2012-12-11,4.84,3.871
2012-12-12,4.84,3.754
2012-12-13,4.84,3.658
2012-12-14,4.84,3.58
2012-12-15,4.84,3.516
2012-12-16,4.84,3.464
2012-12-17,4.84,3.421
2012-12-18,4.84,3.386
2012-12-19,4.84,3.357
2012-12-20,4.84,3.334
2012-12-21,4.84,3.315
2012-12-22,4.84,3.299
2012-12-23,4.84,3.286
2012-12-24,4.84,3.275
2012-12-25,4.84,3.266
2012-12-26,4.84,3.259
2012-12-27,4.84,3.253
2012-12-28,4.84,3.248
2012-12-29,4.84,3.244
2012-12-30,4.84,3.241
2012-12-31,4.85,3.24
2013-1-21,5.16,3.277
2013-1-22,5.16,3.307
2013-1-23,5.16,3.332
2013-1-24,5.16,3.352
2013-1-25,5.16,3.368
2013-1-26,5.16,3.381
2013-1-27,5.16,3.392
2013-1-28,5.16,3.401
2013-1-29,5.16,3.408
2013-1-30,5.16,3.414
2013-1-31,5.45,3.454
2013-2-1,5.94,3.546
2013-2-2,5.94,3.622
2013-2-3,5.94,3.684
2013-2-4,5.94,3.735
2013-2-5,5.94,3.776
2013-2-6,5.94,3.81
2013-2-7,5.94,3.838
2013-2-8,5.94,3.861
2013-2-9,5.94,3.879
2013-2-10,5.94,3.894
2013-2-11,5.94,3.906
2013-2-12,5.94,3.916
2013-2-13,5.79,3.906
2013-2-14,5.65,3.881
2013-2-15,5.94,3.896
2013-2-16,5.76,3.886
2013-2-17,6.02,3.91
2013-2-18,6.03,3.93
2013-2-19,6.39,3.99
2013-2-20,6.03,3.996
2013-2-21,6.64,4.075
2013-2-22,6.79,4.158
2013-2-23,7.17,4.272
2013-2-24,7.9,4.454
2013-2-25,8.94,4.729
2013-2-26,15.44,5.743
2013-2-27,29.64,12.999
2013-2-28,5.67,5.67
2013-3-1,6.76,5.459
2013-3-2,6.8,5.291
2013-3-3,6.05,5.062
2013-3-4,5.67,4.829
2013-3-5,5.65,4.636
2013-3-6,5.41,4.449
2013-3-7,6.28,4.402
2013-3-8,7.18,4.472
2013-3-9,7.75,4.599
2013-3-10,6.37,4.535
2013-3-11,5.81,4.415
2013-3-12,5.46,4.274
2013-3-13,14.1,5.208
2013-3-14,13.62,5.914
2013-3-15,10.35,6.094
2013-3-16,8.62,6.031
2013-3-17,7.74,5.873
2013-3-18,16.43,6.799
2013-3-19,12.86,7.123
2013-3-20,10.74,7.13
2013-3-21,10.2,7.071
2013-3-22,9.94,6.991
2013-3-23,9.17,6.832
2013-3-24,8.31,6.597
2013-3-25,7.55,6.313
2013-3-26,6.83,5.993
2013-3-27,6.22,5.657
2013-3-28,5.37,5.279
2013-3-29,4.1,4.1
2013-3-30,4.22,3.974
2013-3-31,4.22,3.86
2013-4-1,4.0,3.743
2013-4-2,3.92,3.632
2013-4-3,3.76,3.522
2013-4-4,3.66,3.416
2013-4-5,2.36,2.36
2013-4-6,4.07,2.395
2013-4-7,9.07,3.06
2013-4-8,6.2,3.256
2013-4-9,4.99,3.269
2013-4-10,4.81,3.263
2013-4-11,3.66,3.182
2013-4-12,3.62,3.107
2013-4-13,3.46,2.994
2013-4-14,3.17,2.87
2013-4-15,3.1,2.757
2013-4-16,2.46,2.46
2013-4-17,2.41,2.339
2013-4-18,2.41,2.236
2013-4-19,2.33,2.14
2013-4-20,2.65,2.087
2013-4-21,3.59,2.117
2013-4-22,2.73,2.075
2013-4-23,2.58,2.025
2013-4-24,4.13,2.097
2013-4-25,3.43,2.124
2013-4-26,3.17,2.123
2013-4-27,2.63,2.071
2013-4-28,2.29,1.994
2013-4-29,2.64,1.961
2013-4-30,3.6,2.004
2013-5-1,2.51,1.957
2013-5-2,2.02,1.871
2013-5-3,1.87,1.783
2013-5-4,1.65,1.65
2013-5-5,1.41,1.381
2013-5-6,1.09,1.09
2013-5-7,0.69,0.69
2013-5-8,0.49,0.49
2013-5-9,0.53,0.438
2013-5-10,6.24,1.116
2013-5-11,7.42,1.814
2013-5-12,4.9,2.079
2013-5-13,3.77,2.122
2013-5-14,3.11,2.115
2013-5-15,2.94,2.093
2013-5-16,2.94,2.074
2013-5-17,2.75,2.04
2013-5-18,2.77,2.013
2013-5-19,20.63,8.09
2013-5-20,12.72,8.162
2013-5-21,7.71,7.612
2013-5-22,5.58,5.58
2013-5-23,4.71,4.71
2013-5-24,4.12,4.12
2013-5-25,3.88,3.88
2013-5-26,3.63,3.63
2013-5-27,7.91,3.93
2013-5-28,47.16,18.169
2013-5-29,18.31,15.088
2013-5-30,10.32,10.32
2013-5-31,6.04,6.04
2013-6-1,4.82,4.82
2013-6-2,4.5,4.5
2013-6-3,3.98,3.98
2013-6-4,3.35,3.35
2013-6-5,3.05,3.05
2013-6-6,2.84,2.84
2013-6-7,2.75,2.698
2013-6-8,2.57,2.559
2013-6-9,2.37,2.37
2013-6-10,2.23,2.23
2013-6-11,2.17,2.119
2013-6-12,2.41,2.047
2013-6-13,2.64,2.007
2013-6-14,1.83,1.83
2013-6-15,1.87,1.748
2013-6-16,1.82,1.672
2013-6-17,3.0,1.719
2013-6-18,21.48,8.241
2013-6-19,57.39,23.779
2013-6-20,14.93,14.93
2013-6-21,7.74,7.74
2013-6-22,5.45,5.45
2013-6-23,5.31,5.103
2013-6-24,4.71,4.71
2013-6-25,3.77,3.77
2013-6-26,12.59,4.612
2013-6-27,8.34,4.785
2013-6-28,25.85,11.229
2013-6-29,9.46,9.46
2013-6-30,6.83,6.83
2013-7-1,9.9,6.789
2013-7-2,6.53,6.346
2013-7-3,11.04,6.531
2013-7-4,5.32,5.32
2013-7-5,10.41,5.616
2013-7-6,6.43,5.374
2013-7-7,4.7,4.7
2013-7-8,8.35,4.858
2013-7-9,18.99,8.897
2013-7-10,8.49,8.308
2013-7-11,6.12,6.12
2013-7-12,5.86,5.717
2013-7-13,13.35,6.297
2013-7-14,33.67,14.657
2013-7-15,53.34,25.479
2013-7-16,32.91,23.654
2013-7-17,100.42,46.066
2013-7-18,78.42,49.294
2013-7-19,36.3,36.3
2013-7-20,24.43,24.43
2013-7-21,18.64,18.224
2013-7-22,81.69,36.983
2013-7-23,89.05,48.577
2013-7-24,144.16,73.188
2013-7-25,63.97,57.4
2013-7-26,35.15,35.15
2013-7-27,24.09,24.09
2013-7-28,20.2,18.598
2013-7-29,19.72,15.781
2013-7-30,16.12,14.865
2013-7-31,73.3,32.466
2013-8-1,39.82,29.411
2013-8-2,86.73,44.122
2013-8-3,142.68,70.527
2013-8-4,70.52,58.376
2013-8-5,44.8,43.636
2013-8-6,41.4,35.348
2013-8-7,38.97,30.509
2013-8-8,24.66,23.236
2013-8-9,16.78,16.78
2013-8-10,33.82,19.769
2013-8-11,39.03,23.009
2013-8-12,23.06,19.063
2013-8-13,17.4,17.4
2013-8-14,15.12,15.12
2013-8-15,13.96,13.96
2013-8-16,12.44,12.44
2013-8-17,10.36,10.36
2013-8-18,9.61,9.61
2013-8-19,9.26,8.985
2013-8-20,8.2,8.2
2013-8-21,7.1,7.1
2013-8-22,14.01,7.509
2013-8-23,67.63,26.959
2013-8-24,28.95,23.002
2013-8-25,15.5,15.5
2013-8-26,11.59,11.59
2013-8-27,10.68,10.68
2013-8-28,9.47,9.47
2013-8-29,29.21,14.65
2013-8-30,38.76,20.445
2013-8-31,16.35,16.35
2013-9-1,11.96,11.96
2013-9-2,10.22,10.22
2013-9-3,9.38,9.38
2013-9-4,9.01,8.766
2013-9-5,8.44,8.195
2013-9-6,7.78,7.648
2013-9-7,7.6,7.179
2013-9-8,7.12,6.737
2013-9-9,6.31,6.277
2013-9-10,6.27,5.896
2013-9-11,26.67,12.048
2013-9-12,13.64,11.511
2013-9-13,19.15,12.164
2013-9-14,160.04,61.09
2013-9-15,68.36,53.075
2013-9-16,27.18,27.18
2013-9-17,16.79,16.79
2013-9-18,13.0,13.0
2013-9-19,10.71,10.71
2013-9-20,9.4,9.4
2013-9-21,8.61,8.61
2013-9-22,8.01,8.01
2013-9-23,8.72,7.611
2013-9-24,7.08,7.08
2013-9-25,7.03,6.645
2013-9-26,6.78,6.259
2013-9-27,6.26,5.88
2013-9-28,5.91,5.527
2013-9-29,11.24,5.886
2013-9-30,10.02,6.031
2013-10-1,7.05,5.789
2013-10-2,7.16,5.605
2013-10-3,6.19,5.336
2013-10-4,5.69,5.056
2013-10-5,5.56,4.811
2013-10-6,5.37,4.587
2013-10-7,5.03,4.363
2013-10-8,5.46,4.232
2013-10-9,6.41,4.24
2013-10-10,5.13,4.091
2013-10-11,4.06,3.955
2013-10-12,4.13,3.837
2013-10-13,4.08,3.727
2013-10-14,4.48,3.654
2013-10-15,4.46,3.587
2013-10-16,4.3,3.516
2013-10-17,4.3,3.452
2013-10-18,4.3,3.395
2013-10-19,4.3,3.343
2013-10-20,4.2,3.29
2013-10-21,4.08,3.234
2013-10-22,4.08,3.184
2013-10-23,4.08,3.139
2013-10-24,4.08,3.098
2013-10-25,3.99,3.055
2013-10-26,3.86,3.008
2013-10-27,3.86,2.965
2013-10-28,3.76,2.92
2013-10-29,3.65,2.872
2013-10-30,3.65,2.829
2013-10-31,3.65,2.79
2013-11-1,3.65,2.755
2013-11-2,3.65,2.724
2013-11-3,3.78,2.704
2013-11-4,4.08,2.706
2013-11-5,4.08,2.708
2013-11-6,4.08,2.709
2013-11-7,3.95,2.702
2013-11-8,3.86,2.689
2013-11-9,3.86,2.678
2013-11-10,3.86,2.668
2013-11-11,3.86,2.659
2013-11-12,3.86,2.651
2013-11-13,4.16,2.663
2013-11-14,4.54,2.699
2013-11-15,4.54,2.731
2013-11-16,4.54,2.76
2013-11-17,4.54,2.786
2013-11-18,4.54,2.81
2013-11-19,4.54,2.831
2013-11-20,4.54,2.85
2013-11-21,4.54,2.868
2013-11-22,4.54,2.884
2013-11-23,4.54,2.898
2013-11-24,4.54,2.911
2013-11-25,8.3,3.389
2013-11-26,8.5,3.804
2013-11-27,6.72,3.927
2013-11-28,6.72,4.028
2013-11-29,6.18,4.045
2013-11-30,5.6,3.989
2013-12-1,5.29,3.905
2013-12-2,5.26,3.833
2013-12-3,5.03,3.746
2013-12-4,4.78,3.691
2013-12-5,4.78,3.642
2013-12-6,4.39,3.572
2013-12-7,3.98,3.482
2013-12-8,4.08,3.407
2013-12-9,4.62,3.375
2013-12-10,7.19,3.634
2013-12-11,6.15,3.719
2013-12-12,5.54,3.715
2013-12-13,5.29,3.681
2013-12-14,5.02,3.62
2013-12-15,4.78,3.578
2013-12-16,4.78,3.54
2013-12-17,4.74,3.503
2013-12-18,4.3,3.441
2013-12-19,4.08,3.37
2013-12-20,4.08,3.306
2013-12-21,4.08,3.249
2013-12-22,4.08,3.197
2013-12-23,4.08,3.15
2013-12-24,4.08,3.108
2013-12-25,4.08,3.07
2013-12-26,4.08,3.036
2013-12-27,4.08,3.005
2013-12-28,4.08,2.977
2013-12-29,4.08,2.952
2013-12-30,4.08,2.929
2013-12-31,4.03,2.905
2014-1-1,3.68,2.861
2014-1-2,3.65,2.819
2014-1-3,3.65,2.781
2014-1-4,3.65,2.747
2014-1-5,3.65,2.716
2014-1-6,3.65,2.688
2014-1-7,3.65,2.663
2014-1-8,3.65,2.641
2014-1-9,3.65,2.621
2014-1-10,3.65,2.603
2014-1-11,3.65,2.586
2014-1-12,3.65,2.571
2014-1-13,3.65,2.558
2014-1-14,3.65,2.546
2014-1-15,3.65,2.535
2014-1-16,3.65,2.525
2014-1-17,3.65,2.516
2014-1-18,3.65,2.508
2014-1-19,3.65,2.501
2014-1-20,3.65,2.494
2014-1-21,3.65,2.488
2014-1-22,3.65,2.483
2014-1-23,3.65,2.478
2014-1-24,3.65,2.474
2014-1-25,3.65,2.47
2014-1-26,3.65,2.467
2014-1-27,3.65,2.464
2014-1-28,3.65,2.461
2014-1-29,3.65,2.458
2014-1-30,3.65,2.456
2014-1-31,3.65,2.454
2014-2-1,4.41,2.502
2014-2-2,12.11,3.517
2014-2-3,8.32,3.887
2014-2-4,7.04,4.034
2014-2-5,7.04,4.154
2014-2-6,7.04,4.253
2014-2-7,7.04,4.334
2014-2-8,6.24,4.303
2014-2-9,5.85,4.23
2014-2-10,5.85,4.17
2014-2-11,5.85,4.121
2014-2-12,5.61,4.052
2014-2-13,4.95,3.915
2014-2-14,4.15,3.802
2014-2-15,3.82,3.679
2014-2-16,3.65,3.557
2014-2-17,3.47,3.381
2014-2-18,3.45,3.228
2014-2-19,3.45,3.097
2014-2-20,3.45,2.984
2014-2-21,3.38,2.881
2014-2-22,3.25,2.78
2014-2-23,3.25,2.693
2014-2-24,3.25,2.619
2014-2-25,3.25,2.555
2014-2-26,3.25,2.5
2014-2-27,3.25,2.453
2014-2-28,3.25,2.413
2014-3-1,3.25,2.378
2014-3-2,3.25,2.348
2014-3-3,3.25,2.323
2014-3-4,3.25,2.301
2014-3-5,3.25,2.282
2014-3-6,3.25,2.266
2014-3-7,3.25,2.252
2014-3-8,3.25,2.24
2014-3-9,3.25,2.23
2014-3-10,3.25,2.221
2014-3-11,3.25,2.213
2014-3-12,3.4,2.221
2014-3-13,4.25,2.281
2014-3-14,4.2,2.332
2014-3-15,3.97,2.363
2014-3-16,3.76,2.377
2014-3-17,3.43,2.364
2014-3-18,3.25,2.336
2014-3-19,3.25,2.312
2014-3-20,3.25,2.292
2014-3-21,3.25,2.274
2014-3-22,3.25,2.259
2014-3-23,3.16,2.238
2014-3-24,3.06,2.21
2014-3-25,3.06,2.186
2014-3-26,2.98,2.158
2014-3-27,2.76,2.113
2014-3-28,2.38,2.039
2014-3-29,2.27,1.965
2014-3-30,2.34,1.908
2014-3-31,2.52,1.876
2014-4-1,2.09,1.808
2014-4-2,1.82,1.724
2014-4-3,1.82,1.652
2014-4-4,1.81,1.589
2014-4-5,1.22,1.22
2014-4-6,0.96,0.96
2014-4-7,1.26,0.915
2014-4-8,1.44,0.932
2014-4-9,1.34,0.918
2014-4-10,1.27,0.891
2014-4-11,1.27,0.874
2014-4-12,1.2,0.846
2014-4-13,1.04,0.788
2014-4-14,0.96,0.732
2014-4-15,0.79,0.654
2014-4-16,0.6,0.558
2014-4-17,0.6,0.498
2014-4-18,0.6,0.461
2014-4-19,0.6,0.438
2014-4-20,0.46,0.388
2014-4-21,0.22,0.22
2014-4-22,0.25,0.2
2014-4-23,0.24,0.185
2014-4-24,0.22,0.17
2014-4-25,0.32,0.186
2014-4-26,0.25,0.179
2014-4-27,0.22,0.167
2014-4-28,0.76,0.296
2014-4-29,2.29,0.47
2014-4-30,1.9,0.583
2014-5-1,1.38,0.711
2014-5-2,0.74,0.629
2014-5-3,1.25,0.707
2014-5-4,0.39,0.39
2014-5-5,0.27,0.27
2014-5-6,0.27,0.236
2014-5-7,0.27,0.215
2014-5-8,0.97,0.379
2014-5-9,2.11,0.524
2014-5-10,2.27,0.664
2014-5-11,3.01,0.854
2014-5-12,10.05,1.919
2014-5-13,7.86,2.524
2014-5-14,4.9,2.659
2014-5-15,4.06,2.664
2014-5-16,1.69,1.69
2014-5-17,2.27,1.665
2014-5-18,2.27,1.644
2014-5-19,2.2,1.619
2014-5-20,2.04,1.582
2014-5-21,1.98,1.545
2014-5-22,1.82,1.498
2014-5-23,1.72,1.448
2014-5-24,1.62,1.309
2014-5-25,1.74,1.288
2014-5-26,2.78,1.368
2014-5-27,2.1,1.373
2014-5-28,1.39,1.204
2014-5-29,1.18,1.046
2014-5-30,0.98,0.897
2014-5-31,0.79,0.757
2014-6-1,0.71,0.65
2014-6-2,0.71,0.583
2014-6-3,1.6,0.767
2014-6-4,7.48,1.536
2014-6-5,4.91,1.853
2014-6-6,1.64,1.64
2014-6-7,1.92,1.589
2014-6-8,1.73,1.527
2014-6-9,1.56,1.343
2014-6-10,1.6,1.238
2014-6-11,24.11,8.916
2014-6-12,10.6,8.58
2014-6-13,6.13,6.13
2014-6-14,5.54,5.54
2014-6-15,3.56,3.56
2014-6-16,1.41,1.41
2014-6-17,1.77,1.378
2014-6-18,1.92,1.364
2014-6-19,2.04,1.364
2014-6-20,2.04,1.364
2014-6-21,2.04,1.364
2014-6-22,2.04,1.364
2014-6-23,10.0,2.33
2014-6-24,16.42,3.9
2014-6-25,5.63,3.874
2014-6-26,3.96,3.753
2014-6-27,3.3,3.3
2014-6-28,3.06,3.06
2014-6-29,2.87,2.87
2014-6-30,2.34,2.34
2014-7-1,0.97,0.97
2014-7-2,2.63,1.081
2014-7-3,4.01,1.238
2014-7-4,3.36,1.38
2014-7-5,2.59,1.429
2014-7-6,1.92,1.408
2014-7-7,1.64,1.364
2014-7-8,1.36,1.191
2014-7-9,3.09,1.314
2014-7-10,3.59,1.42
2014-7-11,2.15,1.422
2014-7-12,1.34,1.222
2014-7-13,1.01,1.01
2014-7-14,0.86,0.845
2014-7-15,0.53,0.53
2014-7-16,0.34,0.34
2014-7-17,0.34,0.297
2014-7-18,30.52,10.674
2014-7-19,12.92,10.3
2014-7-20,5.47,5.47
2014-7-21,3.78,3.78
2014-7-22,3.4,3.4
2014-7-23,28.25,11.388
2014-7-24,32.6,16.745
2014-7-25,17.37,15.806
2014-7-26,10.32,10.32
2014-7-27,7.43,7.43
2014-7-28,4.77,4.77
2014-7-29,5.4,4.557
2014-7-30,5.83,4.435
2014-7-31,2.93,2.93
2014-8-1,3.66,2.882
2014-8-2,4.95,2.958
2014-8-3,8.35,3.433
2014-8-4,8.85,3.883
2014-8-5,7.01,4.027
2014-8-6,5.62,3.976
2014-8-7,28.22,11.656
2014-8-8,13.4,11.161
2014-8-9,7.99,7.99
2014-8-10,17.82,8.699
2014-8-11,78.27,31.205
2014-8-12,20.69,20.69
2014-8-13,11.14,11.14
2014-8-14,10.99,10.446
2014-8-15,10.57,9.828
2014-8-16,8.6,8.6
2014-8-17,7.84,7.84
2014-8-18,9.07,7.514
2014-8-19,14.32,7.885
2014-8-20,13.54,8.094
2014-8-21,28.69,13.806
2014-8-22,41.75,21.069
2014-8-23,18.17,16.439
2014-8-24,12.33,12.33
2014-8-25,10.4,10.4
2014-8-26,8.83,8.83
2014-8-27,7.79,7.79
2014-8-28,6.65,6.65
2014-8-29,6.18,6.18
2014-8-30,5.4,5.4
2014-8-31,4.98,4.98
2014-9-1,4.72,4.72
2014-9-2,4.71,4.565
2014-9-3,30.78,12.824
2014-9-4,24.06,14.492
2014-9-5,11.05,11.05
2014-9-6,8.05,8.05
2014-9-7,6.98,6.98
2014-9-8,6.51,6.5
2014-9-9,5.66,5.66
2014-9-10,5.03,5.03
2014-9-11,4.78,4.78
2014-9-12,4.22,4.22
2014-9-13,3.8,3.8
2014-9-14,5.06,3.723
2014-9-15,4.68,3.664
2014-9-16,4.59,3.605
2014-9-17,4.14,3.522
2014-9-18,4.35,3.461
2014-9-19,4.35,3.406
2014-9-20,4.25,3.35
2014-9-21,4.37,3.307
2014-9-22,5.27,3.345
2014-9-23,4.74,3.327
2014-9-24,15.58,4.613
2014-9-25,15.57,5.664
2014-9-26,7.48,5.541
2014-9-27,5.99,5.26
2014-9-28,5.51,4.971
2014-9-29,5.97,4.791
2014-9-30,6.8,4.745
2014-10-1,5.67,4.57
2014-10-2,6.01,4.468
2014-10-3,5.59,4.333
2014-10-4,5.39,4.199
2014-10-5,5.12,4.056
2014-10-6,4.89,3.911
2014-10-7,4.59,3.828
2014-10-8,4.39,3.74
2014-10-9,4.29,3.654
2014-10-10,4.13,3.566
2014-10-11,3.94,3.474
2014-10-12,3.8,3.382
2014-10-13,3.8,3.299
2014-10-14,3.8,3.224
2014-10-15,3.8,3.156
2014-10-16,3.8,3.095
2014-10-17,3.8,3.04
2014-10-18,3.8,2.99
2014-10-19,3.71,2.939
2014-10-20,10.42,3.669
2014-10-21,73.43,27.107
2014-10-22,69.38,37.023
2014-10-23,25.91,25.91
2014-10-24,15.38,15.38
2014-10-25,11.48,11.48
2014-10-26,9.03,9.03
2014-10-27,8.48,8.416
2014-10-28,7.47,7.47
2014-10-29,7.24,6.989
2014-10-30,6.71,6.531
2014-10-31,6.79,6.167
2014-11-1,14.6,6.817
2014-11-2,9.54,6.734
2014-11-3,7.98,6.477
2014-11-4,6.83,6.127
2014-11-5,6.19,5.763
2014-11-6,6.09,5.453
2014-11-7,5.9,5.177
2014-11-8,5.45,4.896
2014-11-9,5.21,4.637
2014-11-10,5.21,4.425
2014-11-11,5.21,4.252
2014-11-12,5.21,4.111
2014-11-13,5.21,3.995
2014-11-14,5.21,3.9
2014-11-15,5.21,3.823
2014-11-16,5.21,3.76
2014-11-17,5.11,3.696
2014-11-18,4.8,3.647
2014-11-19,4.8,3.603
2014-11-20,4.8,3.564
2014-11-21,4.8,3.528
2014-11-22,4.63,3.485
2014-11-23,4.59,3.443
2014-11-24,4.41,3.394
2014-11-25,4.39,3.348
2014-11-26,4.39,3.307
2014-11-27,4.39,3.27
2014-11-28,4.39,3.236
2014-11-29,4.39,3.206
2014-11-30,4.54,3.189
2014-12-1,5.19,3.239
2014-12-2,5.21,3.282
2014-12-3,5.21,3.317
2014-12-4,5.21,3.346
2014-12-5,5.21,3.369
2014-12-6,5.12,3.377
2014-12-7,5.02,3.372
2014-12-8,4.83,3.357
2014-12-9,4.69,3.335
2014-12-10,4.59,3.308
2014-12-11,4.59,3.284
2014-12-12,4.59,3.262
2014-12-13,4.59,3.242
2014-12-14,4.14,3.195
2014-12-15,4.0,3.143
2014-12-16,4.91,3.167
2014-12-17,4.87,3.182
2014-12-18,4.39,3.157
2014-12-19,4.09,3.115
2014-12-20,3.99,3.07
2014-12-21,3.98,3.029
2014-12-22,4.19,3.006
2014-12-23,4.19,2.985
2014-12-24,4.03,2.956
2014-12-25,3.99,2.927
2014-12-26,3.75,2.885
2014-12-27,3.69,2.843
2014-12-28,3.72,2.807
2014-12-29,3.63,2.769
2014-12-30,3.61,2.734
2014-12-31,3.61,2.702
2015-1-1,3.03,2.606
2015-1-2,3.25,2.544
2015-1-3,3.25,2.491
2015-1-4,3.25,2.445
2015-1-5,3.25,2.406
2015-1-6,3.52,2.4
2015-1-7,3.53,2.396
2015-1-8,3.43,2.381
2015-1-9,3.43,2.368
2015-1-10,3.43,2.357
2015-1-11,3.43,2.347
2015-1-12,3.43,2.339
2015-1-13,3.43,2.332
2015-1-14,3.49,2.331
2015-1-15,3.39,2.321
2015-1-16,3.25,2.299
2015-1-17,3.25,2.28
2015-1-18,3.03,2.243
2015-1-19,3.25,2.232
2015-1-20,3.25,2.223
2015-1-21,3.25,2.215
2015-1-22,3.25,2.208
2015-1-23,3.25,2.202
2015-1-24,3.25,2.197
2015-1-25,3.25,2.193
2015-1-26,3.42,2.205
2015-1-27,3.61,2.225
2015-1-28,3.61,2.243
2015-1-29,3.61,2.259
2015-1-30,3.61,2.274
2015-1-31,3.33,2.267
2015-2-1,3.07,2.236
2015-2-2,3.07,2.209
2015-2-3,3.07,2.186
2015-2-4,3.07,2.166
2015-2-5,3.07,2.149
2015-2-6,3.07,2.135
2015-2-7,3.07,2.123
2015-2-8,2.89,2.095
2015-2-9,2.73,2.056
2015-2-10,2.86,2.035
2015-2-11,3.07,2.037
2015-2-12,3.07,2.039
2015-2-13,2.83,2.018
2015-2-14,2.73,1.99
2015-2-15,2.73,1.966
2015-2-16,2.99,1.97
2015-2-17,4.69,2.084
2015-2-18,4.52,2.175
2015-2-19,4.01,2.224
2015-2-20,3.74,2.251
2015-2-21,3.48,2.261
2015-2-22,4.52,2.335
2015-2-23,4.78,2.419
2015-2-24,4.42,2.471
2015-2-25,4.16,2.501
2015-2-26,3.82,2.506
2015-2-27,3.8,2.509
2015-2-28,3.8,2.512
2015-3-1,3.8,2.514
2015-3-2,3.8,2.516
2015-3-3,3.65,2.508
2015-3-4,3.61,2.498
2015-3-5,3.61,2.489
2015-3-6,3.51,2.468
2015-3-7,3.33,2.433
2015-3-8,3.25,2.395
2015-3-9,3.06,2.345
2015-3-10,2.9,2.287
2015-3-11,3.06,2.252
2015-3-12,3.42,2.256
2015-3-13,3.29,2.247
2015-3-14,3.43,2.253
2015-3-15,3.23,2.239
2015-3-16,2.93,2.199
2015-3-17,2.3,2.105
2015-3-18,2.85,2.076
2015-3-19,7.67,2.629
2015-3-20,5.25,2.788
2015-3-21,4.21,2.79
2015-3-22,3.87,2.77
2015-3-23,3.68,2.739
2015-3-24,3.59,2.705
2015-3-25,2.81,2.588
2015-3-26,2.9,2.496
2015-3-27,3.02,2.428
2015-3-28,2.84,2.353
2015-3-29,2.36,2.243
2015-3-30,2.22,2.135
2015-3-31,1.58,1.58
2015-4-1,1.46,1.35
2015-4-2,2.24,1.37
2015-4-3,17.99,3.305
2015-4-4,9.74,3.886
2015-4-5,7.21,4.054
2015-4-6,6.21,4.07
2015-4-7,4.67,3.976
2015-4-8,3.26,3.26
2015-4-9,3.69,3.182
2015-4-10,3.3,3.043
2015-4-11,3.24,2.918
2015-4-12,3.25,2.812
2015-4-13,3.25,2.721
2015-4-14,4.28,2.734
2015-4-15,5.08,2.853
2015-4-16,4.66,2.878
2015-4-17,4.17,2.869
2015-4-18,3.46,2.79
2015-4-19,8.41,3.303
2015-4-20,20.24,8.578
2015-4-21,15.07,8.846
2015-4-22,9.49,8.388
2015-4-23,7.22,7.22
2015-4-24,5.78,5.78
2015-4-25,5.15,5.15
2015-4-26,4.46,4.46
2015-4-27,3.83,3.83
2015-4-28,3.23,3.23
2015-4-29,3.19,3.074
2015-4-30,3.68,3.013
2015-5-1,3.19,2.888
2015-5-2,2.84,2.747
2015-5-3,2.73,2.616
2015-5-4,2.73,2.504
2015-5-5,1.88,1.88
2015-5-6,1.12,1.12
2015-5-7,1.5,1.075
2015-5-8,1.71,1.084
2015-5-9,1.71,1.092
2015-5-10,1.91,1.118
2015-5-11,1.99,1.148
2015-5-12,5.58,1.617
2015-5-13,7.97,2.29
2015-5-14,5.47,2.537
2015-5-15,4.25,2.566
2015-5-16,3.92,2.571
2015-5-17,3.55,2.551
2015-5-18,3.08,2.481
2015-5-19,2.83,2.397
2015-5-20,2.73,2.316
2015-5-21,2.68,2.241
2015-5-22,2.43,2.153
2015-5-23,2.14,2.05
2015-5-24,1.85,1.85
2015-5-25,1.62,1.558
2015-5-26,1.47,1.339
2015-5-27,1.31,1.163
2015-5-28,0.98,0.97
2015-5-29,0.89,0.827
2015-5-30,0.89,0.739
2015-5-31,0.89,0.684
2015-6-1,0.89,0.65
2015-6-2,0.89,0.629
2015-6-3,0.89,0.616
2015-6-4,0.89,0.608
2015-6-5,0.89,0.603
2015-6-6,0.89,0.599
2015-6-7,0.89,0.597
2015-6-8,0.89,0.596
2015-6-9,0.89,0.595
2015-6-10,0.82,0.577
2015-6-11,0.74,0.545
2015-6-12,1.07,0.609
2015-6-13,1.98,0.71
2015-6-14,2.59,0.854
2015-6-15,2.55,0.974
2015-6-16,2.06,1.031
2015-6-17,1.71,1.046
2015-6-18,1.64,1.053
2015-6-19,2.19,1.111
2015-6-20,3.87,1.255
2015-6-21,5.03,1.637
2015-6-22,3.58,1.711
2015-6-23,2.55,1.71
2015-6-24,2.17,1.673
2015-6-25,2.17,1.641
2015-6-26,14.32,3.081
2015-6-27,9.93,3.726
2015-6-28,5.35,3.697
2015-6-29,3.95,3.593
2015-6-30,3.28,3.28
2015-7-1,2.99,2.99
2015-7-2,2.62,2.62
2015-7-3,2.22,2.22
2015-7-4,1.97,1.97
2015-7-5,1.97,1.877
2015-7-6,1.82,1.783
2015-7-7,1.71,1.692
2015-7-8,1.59,1.453
2015-7-9,1.76,1.414
2015-7-10,1.87,1.39
2015-7-11,1.55,1.255
2015-7-12,2.2,1.285
2015-7-13,5.9,1.767
2015-7-14,5.02,2.055
2015-7-15,1.96,1.949
2015-7-16,1.7,1.7
2015-7-17,1.07,1.07
2015-7-18,1.07,0.935
2015-7-19,1.07,0.851
2015-7-20,1.89,0.909
2015-7-21,1.07,0.835
2015-7-22,1.72,0.879
2015-7-23,5.15,1.344
2015-7-24,89.21,31.429
2015-7-25,51.49,32.937
2015-7-26,21.78,21.78
2015-7-27,11.08,11.08
2015-7-28,6.91,6.91
2015-7-29,89.49,34.212
2015-7-30,50.67,33.997
2015-7-31,17.81,17.81
2015-8-1,11.07,11.07
2015-8-2,70.85,29.789
2015-8-3,57.36,34.17
2015-8-4,21.7,21.7
2015-8-5,11.61,11.61
2015-8-6,9.48,9.48
2015-8-7,7.1,7.1
2015-8-8,19.53,10.166
2015-8-9,17.95,10.495
2015-8-10,8.99,8.99
2015-8-11,7.51,7.51
2015-8-12,6.3,6.3
2015-8-13,4.9,4.9
2015-8-14,4.54,4.54
2015-8-15,5.24,4.35
2015-8-16,5.47,4.222
2015-8-17,8.67,4.506
2015-8-18,5.21,4.318
2015-8-19,4.26,4.173
2015-8-20,3.9,3.9
2015-8-21,4.84,3.778
2015-8-22,4.43,3.697
2015-8-23,3.69,3.576
2015-8-24,3.46,3.397
2015-8-25,4.86,3.369
2015-8-26,5.83,3.464
2015-8-27,4.23,3.401
2015-8-28,3.5,3.25
2015-8-29,3.08,3.08
2015-8-30,2.75,2.75
2015-8-31,1.63,1.63
2015-9-1,2.4,1.626
2015-9-2,2.28,1.611
2015-9-3,2.7,1.638
2015-9-4,3.14,1.703
2015-9-5,2.87,1.733
2015-9-6,3.63,1.801
2015-9-7,4.59,1.925
2015-9-8,3.36,1.97
2015-9-9,2.89,1.964
2015-9-10,2.66,1.937
2015-9-11,2.51,1.9
2015-9-12,3.29,1.942
2015-9-13,3.26,1.975
2015-9-14,2.89,1.968
2015-9-15,2.73,1.947
2015-9-16,2.64,1.921
2015-9-17,2.49,1.884
2015-9-18,2.37,1.841
2015-9-19,2.41,1.808
2015-9-20,2.29,1.768
2015-9-21,2.43,1.747
2015-9-22,3.25,1.807
2015-9-23,3.06,1.84
2015-9-24,2.54,1.819
2015-9-25,2.34,1.782
2015-9-26,2.41,1.757
2015-9-27,2.26,1.722
2015-9-28,2.26,1.692
2015-9-29,2.26,1.666
2015-9-30,2.19,1.637
2015-10-1,2.87,1.676
2015-10-2,5.35,2.021
2015-10-3,3.39,2.055
2015-10-4,2.91,2.039
2015-10-5,2.86,2.02
2015-10-6,3.04,2.021
2015-10-7,2.66,1.986
2015-10-8,2.57,1.948
2015-10-9,2.5,1.908
2015-10-10,2.41,1.865
2015-10-11,2.41,1.829
2015-10-12,2.41,1.798
2015-10-13,2.41,1.771
2015-10-14,2.41,1.748
2015-10-15,2.63,1.749
2015-10-16,2.81,1.767
2015-10-17,2.5,1.753
2015-10-18,2.41,1.732
2015-10-19,2.41,1.714
2015-10-20,2.34,1.692
2015-10-21,2.26,1.666
2015-10-22,2.26,1.644
2015-10-23,2.26,1.625
2015-10-24,2.26,1.608
2015-10-25,2.26,1.594
2015-10-26,2.26,1.582
2015-10-27,2.46,1.59
2015-10-28,2.9,1.639
2015-10-29,2.8,1.671
2015-10-30,2.65,1.685
2015-10-31,2.49,1.682
2015-11-1,2.41,1.671
2015-11-2,2.41,1.662
2015-11-3,2.41,1.654
2015-11-4,2.35,1.642
2015-11-5,2.26,1.623
2015-11-6,2.26,1.607
2015-11-7,2.57,1.622
2015-11-8,8.62,2.373
2015-11-9,10.95,3.271
2015-11-10,6.91,3.515
2015-11-11,4.94,3.475
2015-11-12,4.07,3.4
2015-11-13,4.11,3.335
2015-11-14,15.63,4.626
2015-11-15,11.2,5.144
2015-11-16,7.41,5.107
2015-11-17,14.45,5.932
2015-11-18,10.46,6.122
2015-11-19,7.89,5.966
2015-11-20,6.6,5.681
2015-11-21,5.78,5.349
2015-11-22,5.21,5.008
2015-11-23,6.58,4.895
2015-11-24,7.88,4.961
2015-11-25,7.26,4.939
2015-11-26,8.36,5.055
2015-11-27,7.58,5.055
2015-11-28,6.79,4.959
2015-11-29,6.03,4.788
2015-11-30,5.68,4.606
2015-12-1,5.64,4.452
2015-12-2,5.68,4.331
2015-12-3,8.05,4.52
2015-12-4,9.4,4.839
2015-12-5,9.44,5.104
2015-12-6,9.39,5.315
2015-12-7,8.26,5.35
2015-12-8,7.43,5.278
2015-12-9,6.79,5.142
2015-12-10,6.39,4.982
2015-12-11,6.74,4.893
2015-12-12,6.76,4.823
2015-12-13,6.29,4.709
2015-12-14,5.91,4.569
2015-12-15,6.4,4.514
2015-12-16,6.55,4.488
2015-12-17,6.05,4.406
2015-12-18,5.46,4.267
2015-12-19,5.42,4.148
2015-12-20,5.02,4.002
2015-12-21,5.02,3.883
2015-12-22,5.02,3.786
2015-12-23,5.02,3.706
2015-12-24,5.02,3.641
2015-12-25,5.02,3.588
2015-12-26,4.98,3.54
2015-12-27,4.59,3.493
2015-12-28,4.19,3.424
2015-12-29,4.1,3.356
2015-12-30,3.99,3.288
2015-12-31,3.99,3.226
2016-1-1,4.42,3.199
2016-1-2,4.42,3.174
2016-1-3,4.42,3.152
2016-1-4,4.42,3.132
2016-1-5,4.42,3.114
2016-1-6,4.42,3.098
2016-1-7,4.42,3.083
2016-1-8,4.42,3.07
2016-2-7,2.39,2.39
2016-2-8,2.39,2.277
2016-2-9,2.39,2.18
2016-2-10,2.39,2.097
2016-2-11,2.39,2.026
2016-2-12,2.39,1.965
2016-2-13,3.06,1.976
2016-2-14,7.25,2.497
2016-2-15,5.07,2.658
2016-2-16,4.15,2.669
2016-2-17,3.74,2.652
2016-2-18,3.62,2.629
2016-2-19,3.44,2.582
2016-2-20,3.31,2.529
2016-2-21,3.21,2.474
2016-2-22,3.21,2.427
2016-2-23,3.09,2.375
2016-2-24,2.99,2.321
2016-2-25,2.99,2.275
2016-2-26,2.99,2.235
2016-2-27,2.99,2.201
2016-2-28,2.99,2.172
2016-2-29,3.05,2.153
2016-3-1,3.21,2.151
2016-3-2,3.21,2.15
2016-3-3,3.33,2.16
2016-3-4,3.44,2.179
2016-3-5,8.31,2.791
2016-3-6,30.73,11.95
2016-3-7,14.43,11.527
2016-3-8,8.8,8.8
2016-3-9,7.53,7.53
2016-3-10,6.47,6.47
2016-3-11,5.58,5.58
2016-3-12,5.32,5.21
2016-3-13,4.8,4.8
2016-3-14,4.37,4.37
2016-3-15,4.21,4.21
2016-3-16,4.04,4.04
2016-3-17,3.71,3.71
2016-3-18,3.46,3.46
2016-3-19,3.21,3.21
2016-3-20,3.09,3.048
2016-3-21,2.89,2.89
2016-3-22,2.78,2.744
2016-3-23,2.78,2.618
2016-3-24,2.78,2.51
2016-3-25,2.78,2.417
2016-3-26,2.69,2.329
2016-3-27,2.58,2.243
2016-3-28,2.49,2.161
2016-3-29,2.39,2.081
2016-3-30,2.31,2.005
2016-3-31,2.21,1.93
2016-4-1,2.13,1.858
2016-4-2,2.03,1.787
2016-4-3,2.03,1.726
2016-4-4,1.94,1.665
2016-4-5,1.86,1.605
2016-4-6,1.79,1.547
2016-4-7,2.77,1.59
2016-4-8,2.86,1.635
2016-4-9,1.44,1.379
2016-4-10,1.27,1.177
2016-4-11,1.27,1.052
2016-4-12,1.16,0.946
2016-4-13,1.02,0.845
2016-4-14,1.11,0.805
2016-4-15,1.27,0.821
2016-4-16,1.28,0.833
2016-4-17,9.49,1.834
2016-4-18,7.43,2.402
2016-4-19,3.97,2.426
2016-4-20,2.63,2.331
2016-4-21,3.9,2.358
2016-4-22,4.74,2.437
2016-4-23,2.67,2.344
2016-4-24,2.62,2.26
2016-4-25,2.23,2.151
2016-4-26,1.86,1.86
2016-4-27,1.7,1.7
2016-4-28,1.57,1.452
2016-4-29,1.41,1.258
2016-4-30,1.41,1.138
2016-5-1,1.35,1.048
2016-5-2,1.22,0.959
2016-5-3,3.18,1.123
2016-5-4,11.13,2.27
2016-5-5,5.34,2.505
2016-5-6,3.62,2.496
2016-5-7,3.67,2.491
2016-5-8,3.22,2.442
2016-5-9,2.36,2.319
2016-5-10,3.57,2.325
2016-5-11,7.89,2.86
2016-5-12,5.57,3.016
2016-5-13,4.35,3.005
2016-5-14,3.92,2.967
2016-5-15,3.86,2.928
2016-5-16,17.22,4.486
2016-5-17,9.43,4.814
2016-5-18,5.53,4.609
2016-5-19,4.29,4.29
2016-5-20,3.39,3.39
2016-5-21,2.89,2.89
2016-5-22,2.57,2.57
2016-5-23,2.2,2.2
2016-5-24,4.98,2.404
2016-5-25,7.77,2.91
2016-5-26,4.42,2.914
2016-5-27,3.48,2.83
2016-5-28,2.97,2.71
2016-5-29,2.56,2.56
2016-5-30,2.19,2.19
2016-5-31,2.03,2.03
2016-6-1,1.64,1.64
2016-6-2,1.4,1.372
2016-6-3,1.12,1.12
2016-6-4,0.8,0.8
2016-6-5,1.26,0.815
2016-6-6,1.77,0.867
2016-6-7,1.43,0.9
2016-6-8,1.2,0.862
2016-6-9,1.08,0.808
2016-6-10,0.97,0.747
2016-6-11,0.9,0.691
2016-6-12,1.02,0.687
2016-6-13,1.02,0.684
2016-6-14,1.02,0.683
2016-6-15,1.09,0.7
2016-6-16,1.14,0.723
2016-6-17,1.14,0.737
2016-6-18,1.02,0.716
2016-6-19,0.86,0.662
2016-6-20,0.94,0.649
2016-6-21,1.03,0.663
2016-6-22,1.14,0.7
2016-6-23,1.11,0.715
2016-6-24,1.55,0.836
2016-6-25,2.81,0.983
2016-6-26,1.73,1.007
2016-6-27,1.41,0.982
2016-6-28,1.21,0.916
2016-6-29,1.02,0.827
2016-6-30,1.02,0.771
2016-7-1,3.25,0.969
2016-7-2,37.54,13.42
2016-7-3,13.82,12.655
2016-7-4,25.77,15.0
2016-7-5,132.41,52.926
2016-7-6,103.57,61.283
2016-7-7,34.32,34.32
2016-7-8,21.43,21.43
2016-7-9,13.8,13.8
2016-7-10,10.45,10.45
2016-7-11,7.99,7.99
2016-7-12,8.31,7.544
2016-7-13,6.5,6.5
2016-7-14,4.75,4.75
2016-7-15,4.31,4.31
2016-7-16,26.73,11.303
2016-7-17,32.65,16.721
2016-7-18,15.21,15.21
2016-7-19,8.73,8.73
2016-7-20,6.74,6.74
2016-7-21,4.5,4.5
2016-7-22,4.69,4.365
2016-7-23,3.93,3.93
2016-7-24,3.47,3.47
2016-7-25,3.21,3.21
2016-7-26,3.13,3.051
2016-7-27,2.09,2.09
2016-7-28,3.79,2.133
2016-7-29,10.55,3.026
2016-7-30,26.62,10.645
2016-7-31,17.2,10.796
2016-8-1,8.13,8.13
2016-8-2,5.68,5.68
2016-8-3,4.7,4.7
2016-8-4,3.9,3.9
2016-8-5,3.52,3.52
2016-8-6,3.16,3.16
2016-8-7,2.71,2.71
2016-8-8,2.31,2.31
2016-8-9,2.13,2.13
2016-8-10,1.91,1.91
2016-8-11,1.71,1.71
2016-8-12,1.55,1.454
2016-8-13,1.55,1.295
2016-8-14,1.55,1.196
2016-8-15,1.69,1.186
2016-8-16,1.66,1.175
2016-8-17,1.5,1.109
2016-8-18,1.21,0.995
2016-8-19,1.09,0.893
2016-8-20,0.97,0.8
2016-8-21,1.0,0.75
2016-8-22,0.99,0.716
2016-8-23,0.9,0.672
2016-8-24,0.9,0.645
2016-8-25,0.9,0.628
2016-8-26,1.37,0.736
2016-8-27,1.95,0.816
2016-8-28,2.03,0.892
2016-8-29,2.03,0.957
2016-8-30,2.03,1.013
2016-8-31,2.48,1.104
2016-9-1,5.9,1.619
2016-9-2,4.51,1.755
2016-9-3,3.94,1.841
2016-9-4,3.3,1.892
2016-9-5,3.0,1.907
2016-9-6,2.78,1.9
2016-9-7,2.68,1.884
2016-9-8,2.78,1.88
2016-9-9,3.21,1.917
2016-9-10,3.21,1.949
2016-9-11,3.14,1.97
2016-9-12,2.99,1.973
2016-9-13,2.8,1.958
2016-9-14,2.58,1.924
2016-9-15,2.58,1.895
2016-9-16,2.49,1.862
2016-9-17,4.13,1.95
2016-9-18,5.84,2.304
2016-9-19,4.36,2.363
2016-9-20,3.94,2.389
2016-9-21,3.77,2.401
2016-9-22,4.61,2.467
2016-9-23,3.3,2.429
2016-9-24,2.92,2.361
2016-9-25,2.78,2.289
2016-9-26,3.17,2.264
2016-9-27,3.16,2.242
2016-9-28,2.99,2.207
2016-9-29,2.84,2.163
2016-9-30,2.78,2.119
2016-10-1,2.78,2.082
2016-10-2,2.78,2.05
2016-10-3,5.58,2.354
2016-10-4,5.2,2.557
2016-10-5,4.12,2.576
2016-10-6,4.19,2.597
2016-10-7,3.74,2.587
2016-10-8,4.97,2.72
2016-10-9,5.36,2.876
2016-10-10,4.0,2.856
2016-10-11,3.61,2.812
2016-10-12,3.31,2.727
2016-10-13,3.09,2.633
2016-10-14,2.89,2.533
2016-10-15,2.78,2.437
2016-10-16,2.78,2.355
2016-10-17,2.78,2.284
2016-10-18,2.78,2.223
2016-10-19,2.66,2.16
2016-10-20,2.58,2.098
2016-10-21,2.58,2.045
2016-10-22,2.49,1.991
2016-10-23,2.39,1.935
2016-10-24,2.39,1.887
2016-10-25,7.07,2.402
2016-10-26,11.95,3.416
2016-10-27,5.69,3.485
2016-10-28,4.43,3.433
2016-10-29,4.05,3.361
2016-10-30,3.78,3.279
2016-10-31,3.55,3.19
2016-11-1,3.44,3.063
2016-11-2,3.44,2.954
2016-11-3,3.32,2.849
2016-11-4,3.13,2.741
2016-11-5,2.99,2.635
2016-11-6,2.88,2.534
2016-11-7,2.78,2.438
2016-11-8,2.78,2.355
2016-11-9,2.78,2.284
2016-11-10,2.78,2.223
2016-11-11,2.78,2.171
2016-11-12,2.78,2.126
2016-11-13,2.78,2.088
2016-11-14,2.78,2.055
2016-11-15,2.68,2.017
2016-11-16,2.58,1.975
2016-11-17,2.58,1.939
2016-11-18,2.58,1.908
2016-11-19,2.58,1.882
2016-11-20,2.58,1.859
2016-11-21,2.58,1.839
2016-11-22,2.58,1.822
2016-11-23,2.58,1.808
2016-11-24,2.58,1.796
2016-11-25,2.58,1.785
2016-11-26,2.58,1.776
2016-11-27,2.66,1.776
2016-11-28,2.78,1.787
2016-11-29,2.81,1.799
2016-11-30,2.99,1.827
2016-12-1,2.99,1.851
2016-12-2,2.99,1.871
2016-12-3,2.99,1.888
2016-12-4,2.99,1.903
2016-12-5,2.99,1.916
2016-12-6,2.99,1.927
2016-12-7,3.11,1.948
2016-12-8,3.21,1.975
2016-12-9,3.21,1.998
2016-12-10,3.21,2.018
2016-12-11,3.21,2.035
2016-12-12,3.21,2.05
2016-12-13,3.21,2.063
2016-12-14,3.21,2.074
2016-12-15,3.21,2.083
2016-12-16,3.03,2.074
2016-12-17,2.99,2.063
2016-12-18,2.99,2.053
2016-12-19,2.99,2.045
2016-12-20,2.69,2.01
2016-12-21,2.55,1.966
2016-12-22,9.58,2.771
2016-12-23,10.33,3.521
2016-12-24,6.37,3.653
2016-12-25,4.88,3.581
2016-12-26,4.43,3.519
2016-12-27,4.21,3.449
2016-12-28,3.88,3.364
2016-12-29,3.81,3.283
2016-12-30,3.39,3.138
2016-12-31,3.21,2.997
2017-1-1,3.33,2.887
2017-1-2,3.33,2.793
2017-1-3,3.33,2.712
2017-1-4,3.33,2.643
2017-1-5,3.33,2.583
2017-1-6,3.14,2.514
2017-1-7,3.1,2.451
2017-1-8,3.1,2.397
2017-1-9,3.1,2.35
2017-1-10,3.1,2.31
2017-1-11,2.99,2.265
2017-1-12,2.88,2.216
2017-1-13,2.88,2.174
2017-1-14,2.59,2.111
2017-1-15,2.47,2.045
2017-1-16,2.47,1.989
2017-1-17,2.47,1.941
2017-1-18,2.47,1.899
2017-1-19,2.47,1.863
2017-1-20,2.47,1.833
2017-1-21,2.47,1.807
2017-1-22,2.47,1.784
2017-1-23,2.47,1.765
2017-1-24,2.6,1.761
2017-1-25,2.51,1.749
2017-1-26,2.57,1.744
2017-1-27,2.67,1.749
2017-1-28,2.44,1.732
2017-1-29,2.27,1.701
2017-1-30,2.27,1.675
2017-1-31,2.27,1.652
2017-2-1,2.27,1.632
2017-2-2,2.27,1.615
2017-2-3,2.27,1.601
2017-2-4,2.27,1.589
2017-2-5,2.27,1.578
2017-2-6,2.27,1.569
2017-2-7,2.27,1.561
2017-2-8,2.27,1.554
2017-2-9,2.27,1.548
2017-2-10,2.09,1.526
2017-2-11,1.91,1.49
2017-2-12,1.91,1.459
2017-2-13,1.91,1.433
2017-2-14,1.91,1.411
2017-2-15,1.91,1.392
2017-2-16,1.91,1.375
2017-2-17,1.91,1.361
2017-2-18,1.91,1.349
2017-2-19,1.91,1.338
2017-2-20,2.6,1.394
2017-2-21,3.1,1.489
2017-2-22,3.15,1.576
2017-2-23,4.67,1.727
2017-2-24,4.15,1.829
2017-2-25,3.41,1.892
2017-2-26,3.1,1.917
2017-2-27,2.36,1.869
2017-2-28,1.9,1.784
2017-3-1,1.65,1.65
2017-3-2,1.9,1.596
2017-3-3,2.15,1.573
2017-3-4,2.27,1.565
2017-3-5,2.27,1.558
2017-3-6,2.27,1.552
2017-3-7,2.27,1.547
2017-3-8,2.27,1.542
2017-3-9,2.27,1.538
2017-3-10,2.27,1.535
2017-3-11,2.19,1.524
2017-3-12,2.01,1.498
2017-3-13,1.91,1.466
2017-3-14,1.91,1.439
2017-3-15,1.91,1.416
2017-3-16,1.83,1.388
2017-3-17,1.74,1.356
2017-3-18,1.74,1.328
2017-3-19,1.66,1.297
2017-3-20,1.58,1.205
2017-3-21,1.58,1.148
2017-3-22,1.54,1.102
2017-3-23,1.43,1.046
2017-3-24,1.43,1.011
2017-3-25,1.43,0.989
2017-3-26,1.43,0.976
2017-3-27,1.43,0.968
2017-3-28,1.43,0.963
2017-3-29,1.43,0.96
2017-3-30,1.37,0.942
2017-3-31,1.29,0.911
2017-4-1,1.29,0.892
2017-4-2,1.29,0.88
2017-4-3,1.29,0.873
2017-4-4,1.23,0.853
2017-4-5,1.16,0.823
2017-4-6,1.54,0.9
2017-4-7,1.52,0.943
2017-4-8,1.27,0.907
2017-4-9,1.16,0.856
2017-4-10,1.15,0.822
2017-4-11,1.03,0.771
2017-4-12,0.84,0.691
2017-4-13,0.7,0.606
2017-4-14,0.7,0.553
2017-4-15,0.64,0.505
2017-4-16,0.56,0.455
2017-4-17,0.52,0.414
2017-4-18,0.52,0.389
2017-4-19,0.63,0.401
2017-4-20,0.76,0.441
2017-4-21,0.8,0.476
2017-4-22,0.76,0.488
2017-4-23,0.62,0.46
2017-4-24,0.52,0.417
2017-4-25,0.48,0.38
2017-4-26,0.41,0.34
2017-4-27,0.31,0.289
2017-4-28,0.24,0.24
2017-4-29,0.22,0.205
2017-4-30,0.19,0.175
2017-5-1,0.19,0.157
2017-5-2,0.19,0.146
2017-5-3,0.19,0.139
2017-5-4,0.19,0.134
2017-5-5,0.19,0.131
2017-5-6,0.19,0.129
2017-5-7,0.19,0.128
2017-5-8,0.19,0.128
2017-5-9,0.19,0.128
2017-5-10,0.19,0.128
2017-5-11,0.19,0.128
2017-5-12,0.19,0.128
2017-5-13,0.19,0.128
2017-5-14,0.19,0.128
2017-5-15,0.19,0.128
2017-5-16,0.19,0.128
2017-5-17,0.19,0.128
2017-5-18,0.17,0.122
2017-5-19,0.15,0.114
2017-5-20,0.15,0.109
2017-5-21,0.15,0.106
2017-5-22,0.15,0.104
2017-5-23,0.15,0.103
2017-5-24,0.15,0.102
2017-5-25,0.15,0.101
2017-5-26,0.15,0.101
2017-5-27,0.18,0.108
2017-5-28,0.19,0.115
2017-5-29,0.22,0.127
2017-5-30,0.19,0.127
2017-5-31,0.19,0.127
2017-6-1,0.19,0.127
2017-6-2,0.19,0.127
2017-6-3,0.19,0.127
2017-6-4,0.19,0.127
2017-6-5,0.19,0.127
2017-6-6,0.19,0.127
2017-6-7,0.19,0.127
2017-6-8,0.19,0.127
2017-6-9,0.19,0.127
2017-6-10,0.19,0.127
2017-6-11,0.19,0.127
2017-6-12,0.19,0.127
2017-6-13,0.19,0.127
2017-6-14,0.19,0.127
2017-6-15,0.19,0.127
2017-6-16,0.19,0.127
2017-6-17,0.19,0.127
2017-6-18,0.19,0.127
2017-6-19,0.19,0.127
2017-6-20,0.19,0.127
2017-6-21,0.19,0.127
2017-6-22,0.19,0.127
2017-6-23,0.19,0.127
2017-6-24,0.17,0.122
2017-6-25,0.15,0.114
2017-6-26,0.17,0.114
2017-6-27,6.12,0.836
2017-6-28,5.88,1.398
2017-6-29,3.72,1.504
2017-6-30,2.66,1.542
2017-7-1,2.21,1.532
2017-7-2,2.02,1.506
2017-7-3,6.18,1.982
2017-7-4,44.53,16.321
2017-7-5,21.06,15.145
2017-7-6,8.68,8.68
2017-7-7,12.38,8.603
2017-7-8,11.23,8.4
2017-7-9,12.77,8.421
2017-7-10,113.84,43.343
2017-7-11,201.05,90.291
2017-7-12,39.4,39.4
2017-7-13,23.25,23.25
2017-7-14,19.12,17.82
2017-7-15,24.85,17.176
2017-7-16,192.61,74.747
2017-7-17,56.41,55.544
2017-7-18,35.33,35.33
2017-7-19,23.38,23.38
2017-7-20,19.4,17.979
2017-7-21,17.1,16.782
2017-7-22,20.36,15.126
2017-7-23,21.96,14.878
2017-7-24,66.56,30.147
2017-7-25,49.69,31.697
2017-7-26,25.79,24.199
2017-7-27,19.47,18.399
2017-7-28,18.25,15.178
2017-7-29,18.72,13.786
2017-7-30,13.85,12.958
2017-7-31,179.59,68.219
2017-8-1,65.84,55.647
2017-8-2,27.46,27.46
2017-8-3,20.42,20.301
2017-8-4,15.43,15.43
2017-8-5,11.68,11.68
2017-8-6,9.7,9.7
2017-8-7,8.3,8.3
2017-8-8,5.79,5.79
2017-8-9,5.0,5.0
2017-8-10,9.31,5.22
2017-8-11,7.84,5.222
2017-8-12,6.04,5.005
2017-8-13,5.29,4.736
2017-8-14,6.29,4.638
2017-8-15,17.39,5.905
2017-8-16,34.18,14.644
2017-8-17,21.25,14.401
2017-8-18,17.09,13.855
2017-8-19,11.52,11.52
2017-8-20,23.95,13.824
2017-8-21,75.05,32.568
2017-8-22,95.72,48.747
2017-8-23,81.22,51.554
2017-8-24,74.46,50.577
2017-8-25,73.13,49.646
2017-8-26,35.54,35.54
2017-8-27,26.99,26.468
2017-8-28,26.94,22.072
2017-8-29,39.32,24.221
2017-8-30,22.6,19.489
2017-8-31,18.87,15.918
2017-9-1,15.91,14.952
2017-9-2,14.29,13.965
2017-9-3,12.12,12.12
2017-9-4,10.81,10.81
2017-9-5,10.09,10.067
2017-9-6,9.63,9.404
2017-9-7,9.38,8.831
2017-9-8,8.31,8.232
2017-9-9,7.92,7.695
2017-9-10,7.92,7.256
2017-9-11,10.94,7.263
2017-9-12,10.19,7.178
2017-9-13,7.65,6.8
2017-9-14,7.28,6.446
2017-9-15,6.51,6.063
2017-9-16,5.75,5.657
2017-9-17,5.53,5.299
2017-9-18,5.19,4.965
2017-9-19,6.48,4.848
2017-9-20,10.04,5.185
2017-9-21,6.7,5.055
2017-9-22,5.42,4.793
2017-9-23,4.96,4.523
2017-9-24,4.76,4.391
2017-9-25,5.28,4.233
2017-9-26,7.54,4.378
2017-9-27,7.39,4.478
2017-9-28,6.31,4.429
2017-9-29,4.98,4.227
2017-9-30,4.43,4.102
2017-10-1,4.06,3.965
2017-10-2,5.14,3.867
2017-10-3,5.41,3.82
2017-10-4,4.48,3.738
2017-10-5,4.14,3.642
2017-10-6,4.03,3.548
2017-10-7,4.03,3.464
2017-10-8,3.89,3.379
2017-10-9,3.67,3.288
2017-10-10,3.58,3.2
2017-10-11,4.0,3.148
2017-10-12,4.26,3.118
2017-10-13,4.23,3.089
2017-10-14,3.54,3.018
2017-10-15,3.37,2.909
2017-10-16,3.37,2.815
2017-10-17,3.37,2.735
2017-10-18,3.37,2.666
2017-10-19,3.37,2.607
2017-10-20,3.37,2.556
2017-10-21,3.26,2.502
2017-10-22,3.07,2.438
2017-10-23,2.96,2.372
2017-10-24,2.75,2.296
2017-10-25,2.58,2.215
2017-10-26,2.58,2.145
2017-10-27,2.58,2.085
2017-10-28,2.58,2.034
2017-10-29,2.58,1.99
2017-10-30,2.58,1.952
2017-10-31,2.58,1.919
2017-11-1,2.58,1.891
2017-11-2,2.58,1.867
2017-11-3,2.58,1.846
2017-11-4,2.58,1.828
2017-11-5,2.58,1.813
2017-11-6,2.58,1.8
2017-11-7,2.58,1.789
2017-11-8,2.58,1.779
2017-11-9,2.58,1.771
2017-11-10,2.58,1.764
2017-11-11,2.58,1.758
2017-11-12,2.58,1.753
2017-11-13,2.58,1.748
2017-11-14,2.58,1.744
2017-11-15,2.52,1.735
2017-11-16,2.41,1.717
2017-11-17,2.41,1.702
2017-11-18,2.41,1.689
2017-11-19,2.46,1.682
2017-11-20,2.58,1.687
2017-11-21,2.58,1.692
2017-11-22,2.58,1.696
2017-11-23,2.58,1.7
2017-11-24,2.69,1.713
2017-11-25,2.99,1.753
2017-11-26,9.39,2.574
2017-11-27,5.83,2.813
2017-11-28,4.33,2.82
2017-11-29,3.62,2.78
2017-11-30,3.58,2.741
2017-12-1,3.18,2.653
2017-12-2,3.16,2.576
2017-12-3,3.16,2.51
2017-12-4,3.16,2.453
2017-12-5,3.16,2.404
2017-12-6,3.16,2.362
2017-12-7,3.16,2.326
2017-12-8,3.16,2.295
2017-12-9,3.16,2.269
2017-12-10,3.16,2.246
2017-12-11,3.16,2.226
2017-12-12,2.19,2.118
2017-12-13,2.18,2.024
2017-12-14,2.3,1.955
2017-12-15,2.23,1.889
2017-12-16,2.23,1.832
2017-12-17,2.11,1.772
2017-12-18,2.07,1.717
2017-12-19,2.07,1.669
2017-12-20,2.07,1.628
2017-12-21,2.13,1.599
2017-12-22,2.23,1.583
2017-12-23,2.23,1.569
2017-12-24,2.8,1.611
2017-12-25,3.58,1.687
2017-12-26,3.18,1.748
2017-12-27,2.36,1.723
2017-12-28,2.35,1.701
2017-12-29,2.58,1.704
2017-12-30,2.58,1.706
2017-12-31,2.58,1.708
2018-1-1,2.91,1.741
2018-1-2,2.91,1.769
2018-1-3,2.71,1.774
2018-1-4,2.45,1.754
2018-1-5,2.39,1.731
2018-1-6,2.39,1.712
2018-1-7,2.39,1.695
2018-1-8,2.39,1.681
2018-1-9,2.39,1.669
2018-1-10,2.39,1.658
2018-1-11,2.39,1.649
2018-1-12,2.39,1.641
2018-1-13,2.39,1.634
2018-1-14,2.39,1.628
2018-1-15,2.39,1.623
2018-1-16,2.39,1.619
2018-1-17,2.33,1.61
2018-1-18,2.39,1.608
2018-1-19,2.39,1.606
2018-1-20,2.39,1.604
2018-1-21,2.39,1.603
2018-1-22,2.39,1.602
2018-1-23,2.39,1.601
2018-1-24,2.39,1.6
2018-1-25,2.39,1.599
2018-1-26,2.39,1.598
2018-1-27,2.39,1.597
2018-1-28,2.39,1.597
2018-1-29,2.39,1.597
2018-1-30,2.39,1.597
2018-1-31,2.39,1.597
2018-2-1,2.39,1.597
2018-2-2,2.39,1.597
2018-2-3,2.39,1.597
2018-2-4,2.39,1.597
2018-2-5,2.39,1.597
2018-2-6,2.39,1.597
2018-2-7,2.39,1.597
2018-2-8,2.39,1.597
2018-2-9,2.46,1.603
2018-2-10,2.56,1.618
2018-2-11,2.56,1.631
2018-2-12,2.56,1.642
2018-2-13,2.56,1.651
2018-2-14,2.56,1.659
2018-2-15,2.56,1.666
2018-2-16,2.56,1.672
2018-2-17,2.56,1.677
2018-2-18,2.56,1.681
2018-2-19,2.56,1.685
2018-2-20,2.54,1.686
2018-2-21,2.17,1.652
2018-2-22,2.07,1.614
2018-2-23,1.95,1.57
2018-2-24,1.92,1.529
2018-2-25,1.92,1.494
2018-2-26,1.92,1.464
2018-2-27,1.92,1.438
2018-2-28,3.8,1.546
2018-3-1,15.03,3.09
2018-3-2,5.74,3.224
2018-3-3,3.91,3.163
2018-3-4,3.05,3.003
2018-3-5,14.46,4.212
2018-3-6,10.43,4.712
2018-3-7,5.58,4.532
2018-3-8,5.74,4.404
2018-3-9,6.92,4.443
2018-3-10,5.51,4.303
2018-3-11,4.32,4.163
2018-3-12,3.99,3.99
2018-3-13,3.63,3.63
2018-3-14,3.26,3.26
2018-3-15,4.11,3.209
2018-3-16,5.91,3.342
2018-3-17,4.67,3.32
2018-3-18,3.9,3.249
2018-3-19,4.13,3.2
2018-3-20,4.72,3.195
2018-3-21,4.11,3.15
2018-3-22,3.9,3.096
2018-3-23,3.9,3.047
2018-3-24,3.8,2.997
2018-3-25,3.39,2.893
2018-3-26,3.08,2.774
2018-3-27,2.91,2.656
2018-3-28,2.83,2.547
2018-3-29,2.5,2.423
2018-3-30,1.48,1.48
2018-3-31,1.37,1.265
2018-4-1,1.49,1.162
2018-4-2,1.63,1.151
2018-4-3,1.63,1.142
2018-4-4,2.24,1.192
2018-4-5,3.0,1.306
2018-4-6,10.02,2.285
2018-4-7,6.61,2.672
2018-4-8,4.78,2.723
2018-4-9,4.04,2.72
2018-4-10,3.52,2.683
2018-4-11,3.49,2.633
2018-4-12,3.21,2.563
2018-4-13,2.64,2.45
2018-4-14,4.13,2.48
2018-4-15,5.72,2.723
2018-4-16,3.83,2.706
2018-4-17,3.71,2.683
2018-4-18,2.99,2.586
2018-4-19,2.32,2.32
2018-4-20,1.92,1.92
2018-4-21,1.85,1.823
2018-4-22,1.77,1.732
2018-4-23,13.72,3.083
2018-4-24,28.82,11.432
2018-4-25,15.02,11.175
2018-4-26,8.04,8.04
2018-4-27,5.77,5.77
2018-4-28,4.41,4.41
2018-4-29,3.42,3.42
2018-4-30,2.95,2.95
2018-5-1,2.63,2.63
2018-5-2,4.26,2.651
2018-5-3,6.33,2.937
2018-5-4,5.04,3.014
2018-5-5,3.99,2.979
2018-5-6,8.65,3.487
2018-5-7,13.28,4.465
2018-5-8,7.46,4.558
2018-5-9,5.45,4.39
2018-5-10,4.61,4.261
2018-5-11,4.33,4.126
2018-5-12,9.79,4.564
2018-5-13,25.45,10.984
2018-5-14,13.51,10.625
2018-5-15,9.34,9.34
2018-5-16,37.97,17.609
2018-5-17,58.83,28.798
2018-5-18,93.38,46.12
2018-5-19,34.23,34.073
2018-5-20,19.71,19.71
2018-5-21,14.63,14.63
2018-5-22,11.77,11.77
2018-5-23,18.51,12.068
2018-5-24,11.22,11.22
2018-5-25,7.63,7.63
2018-5-26,6.26,6.26
2018-5-27,5.32,5.32
2018-5-28,3.87,3.87
2018-5-29,4.11,3.759
2018-5-30,5.62,3.757
2018-5-31,5.81,3.779
2018-6-1,4.82,3.724
2018-6-2,3.88,3.612
2018-6-3,3.3,3.3
2018-6-4,3.22,3.137
2018-6-5,2.83,2.83
2018-6-6,2.39,2.39
2018-6-7,2.39,2.277
2018-6-8,2.39,2.18
2018-6-9,2.39,2.097
2018-6-10,2.39,2.026
2018-6-11,2.3,1.956
2018-6-12,2.23,1.89
2018-6-13,2.15,1.826
2018-6-14,2.07,1.763
2018-6-15,2.07,1.709
2018-6-16,2.03,1.659
2018-6-17,1.92,1.605
2018-6-18,2.23,1.588
2018-6-19,2.33,1.583
2018-6-20,2.16,1.563
2018-6-21,2.07,1.537
2018-6-22,2.0,1.508
2018-6-23,1.92,1.476
2018-6-24,1.92,1.448
2018-6-25,1.92,1.424
2018-6-26,54.43,19.467
2018-6-27,70.03,33.559
2018-6-28,23.28,23.28
2018-6-29,29.83,21.53
2018-6-30,16.32,16.32
2018-7-1,116.22,47.977
2018-7-2,220.95,99.394
2018-7-3,73.43,73.314
2018-7-4,32.09,32.09
2018-7-5,55.82,34.75
2018-7-6,126.64,60.469
2018-7-7,33.61,33.61
2018-7-8,22.65,22.65
2018-7-9,21.21,18.252
2018-7-10,23.93,17.067
2018-7-11,18.11,14.487
2018-7-12,16.11,13.806
2018-7-13,12.63,12.63
2018-7-14,9.85,9.85
2018-7-15,6.91,6.91
2018-7-16,6.61,6.455
2018-7-17,5.89,5.89
2018-7-18,5.25,5.25
2018-7-19,4.44,4.44
2018-7-20,3.94,3.94
2018-7-21,3.57,3.57
2018-7-22,3.29,3.29
2018-7-23,3.04,3.04
2018-7-24,2.81,2.81
2018-7-25,2.66,2.66
2018-7-26,2.56,2.525
2018-7-27,2.38,2.38
2018-7-28,2.23,2.23
2018-7-29,2.23,2.125
2018-7-30,2.23,2.035
2018-7-31,2.08,1.943
2018-8-1,1.92,1.849
2018-8-2,1.86,1.763
2018-8-3,1.72,1.676
2018-8-4,1.63,1.593
2018-8-5,1.59,1.391
2018-8-6,1.5,1.243
2018-8-7,2.0,1.256
2018-8-8,2.32,1.297
2018-8-9,3.53,1.401
2018-8-10,5.41,1.803
2018-8-11,3.03,1.834
2018-8-12,2.3,1.792
2018-8-13,2.01,1.728
2018-8-14,1.88,1.661
2018-8-15,1.66,1.583
2018-8-16,1.45,1.349
2018-8-17,1.56,1.232
2018-8-18,1.16,1.058
2018-8-19,0.62,0.62
2018-8-20,1.38,0.734
2018-8-21,0.79,0.655
2018-8-22,1.56,0.801
2018-8-23,5.1,1.274
2018-8-24,5.1,1.661
2018-8-25,4.47,1.791
2018-8-26,3.6,1.851
2018-8-27,83.11,29.569
2018-8-28,323.37,125.846
2018-8-29,141.14,109.445
2018-8-30,40.61,40.61
2018-8-31,66.64,42.596
2018-9-1,31.6,31.465
2018-9-2,21.71,21.71
2018-9-3,22.09,18.101
2018-9-4,106.58,45.511
2018-9-5,32.69,32.69
2018-9-6,23.68,23.68
2018-9-7,21.01,18.68
2018-9-8,17.0,17.0
2018-9-9,14.68,14.68
2018-9-10,10.88,10.88
2018-9-11,8.33,8.33
2018-9-12,8.2,7.809
2018-9-13,7.48,7.296
2018-9-14,6.85,6.8
2018-9-15,6.92,6.402
2018-9-16,7.43,6.139
2018-9-17,7.13,5.887
2018-9-18,6.52,5.607
2018-9-19,6.06,5.322
2018-9-20,6.52,5.145
2018-9-21,24.46,10.923
2018-9-22,20.06,12.194
2018-9-23,10.99,10.99
2018-9-24,8.54,8.54
2018-9-25,7.53,7.53
2018-9-26,6.69,6.69
2018-9-27,6.16,6.16
2018-9-28,7.34,5.93
2018-9-29,5.77,5.551
2018-9-30,5.38,5.194
2018-10-1,5.27,4.888
2018-10-2,5.04,4.61
2018-10-3,4.71,4.466
2018-10-4,4.56,4.326
2018-10-5,6.63,4.344
2018-10-6,83.35,30.855
2018-10-7,44.2,30.144
2018-10-8,19.13,19.13
2018-10-9,13.24,13.24
2018-10-10,10.94,10.94
2018-10-11,10.29,10.198
2018-10-12,9.81,9.533
2018-10-13,9.22,8.917
2018-10-14,7.94,7.94
2018-10-15,7.0,7.0
2018-10-16,6.45,6.45
2018-10-17,5.68,5.68
2018-10-18,5.27,5.27
2018-10-19,5.27,4.951
2018-10-20,5.27,4.69
2018-10-21,5.06,4.451
2018-10-22,4.68,4.32
2018-10-23,4.56,4.194
2018-10-24,4.56,4.081
2018-10-25,4.56,3.979
2018-10-26,4.56,3.887
2018-10-27,4.56,3.804
2018-10-28,5.14,3.736
2018-10-29,6.21,3.81
2018-10-30,5.17,3.744
2018-10-31,4.66,3.682
2018-11-1,4.56,3.619
2018-11-2,4.45,3.555
2018-11-3,4.33,3.489
2018-11-4,4.22,3.423
2018-11-5,4.11,3.356
2018-11-6,4.11,3.296
2018-11-7,4.11,3.242
2018-11-8,8.19,3.646
2018-11-9,24.69,10.279
2018-11-10,12.27,9.898
2018-11-11,8.4,8.4
2018-11-12,7.01,7.01
2018-11-13,6.57,6.532
2018-11-14,6.1,6.084
2018-11-15,5.77,5.677
2018-11-16,5.43,5.303
2018-11-17,5.03,4.948
2018-11-18,5.03,4.658
2018-11-19,4.91,4.406
2018-11-20,4.79,4.287
2018-11-21,4.79,4.18
2018-11-22,4.79,4.083
2018-11-23,4.79,3.996
2018-11-24,4.88,3.861
2018-11-25,5.03,3.769
2018-11-26,5.03,3.694
2018-11-27,5.03,3.632
2018-11-28,4.97,3.574
2018-11-29,4.33,3.507
2018-11-30,4.33,3.446
2018-12-1,4.33,3.391
2018-12-2,4.33,3.342
2018-12-3,4.82,3.33
2018-12-4,8.83,3.796
2018-12-5,9.38,4.244
2018-12-6,6.6,4.273
2018-12-7,6.3,4.26
2018-12-8,6.19,4.236
2018-12-9,5.03,4.076
2018-12-10,5.03,3.945
2018-12-11,5.03,3.838
2018-12-12,5.03,3.75
2018-12-13,5.03,3.678
2018-12-14,5.03,3.619
2018-12-15,5.03,3.571
2018-12-16,5.03,3.532
2018-12-17,5.03,3.5
2018-12-18,5.03,3.474
2018-12-19,4.93,3.44
2018-12-20,4.56,3.401
2018-12-21,4.56,3.366
2018-12-22,4.47,3.328
2018-12-23,4.33,3.285
2018-12-24,4.33,3.246
2018-12-25,4.33,3.211
2018-12-26,4.22,3.172
2018-12-27,3.31,3.036
2018-12-28,2.86,2.86
2018-12-29,3.1,2.748
2018-12-30,3.1,2.652
2018-12-31,3.1,2.569
